,Tweets,Happiness,Anger,Fear,Sadness,Disgust,Sentiment
0,orang terdekat terbatas cemas depresi berbagi menjaga mental kesehatan pandemi covid yuk baca poster diatas,0.57,1.205,2.045,1.51,0.915,Fear
1,targetnya semester lulus can cuz everyone stressed too much bicara mental stabil pandemi takutnya percaya satttttttt beasiswa down depresi cont,0.57,1.205,2.045,1.51,0.915,Fear
2,mental kesehatan terganggu psbb ppkm sih sembuh hanya adaptasi pandemi don ever you give yourself here for you ceritain kaya semalam yes you too adik,0.2,0.2,0.2,0.2,0.2,Neutral
3,hallo ners allah babak belur fisik mental hantam lonjakan pasien igd covid allah kasih berkah profesional melayani teman teman isoman pacar rutin seminggu,0.2,0.2,0.2,0.2,0.2,Neutral
4,patokan kena covid nya langsung mental riskan dipisah chemistry oke senior sulit pekerjaan dibanding benahi kkurangan xdterbaik indonesia gap pelapis,0.825,1.11,1.105,0.875,0.7,Anger
5,pikir orang kena dampak pandemi mentalnya mah mental jalan coba pikirin orang jalan,0.2,0.2,0.2,0.2,0.2,Neutral
6,berat sih didukung dosen supportif mikir biaya kuliah skripsi direspon respon semangat masnya semoga dilancarkan uruannya and again kesehatan mental main main teman semester semangatin,1.4325,0.89,1.0025,0.765,0.73,Happiness
7,kesehatan mental stabil kasihan anak,0.525,1.75,1.735,1.955,1.0,Sadness
8,akibat pandemi anak perempuan benar  berat ngilang tanggung adik ngejar materi jalan pelan mental sehat don know what supposed,0.57875,0.78,0.62625,0.67625,0.7725,Anger
9,doi trauma serangan mental hebat lur dadi tulung dipahami dimesaakke adewe kudu iso ngerti konteks pandemi serba sulit gimana tulang punggung keluarga,0.49125,0.88,1.29875,0.97375,0.6325,Fear
10,semoga enhypen members kesehatan amp kekuatan fisik mental maju meraih prestasi semoga karirnya sukses dikenal orang pokoknya terbaik all rules done bismillah wish luck pype mpicx,2.04,0.67,0.9,0.655,0.76,Happiness
11,mediteraniaq kpipusat andai masnya resign bertahan lingkup kantor toxic alesannya tanggungan keluarga kesehatan mental utama semoga masnya kekuatan perlahan sembuh traumanya,0.285,0.6025,1.0225,0.755,0.4575,Fear
12,redvelfess seulgi kritik film amp art joy rekomendasi lagu wendy encouraging threads mental kesehatan irene mengaktifkan sixth sense yeri kegiatan produktif pandemi red velvet queen back redvelvet rvsmtown,0.725,0.96,0.985,0.92,0.645,Fear
13,schfess relete issue kondisi sender aktual pandemi covid mental kesehatan penggunaan sosial media karantina kekerasan hewan,0.825,1.11,1.105,0.875,0.7,Anger
14,sfsso ingatlah teman industri entertainment indonesia mengkhawatirkan ucapan netizen netizen abcd didengarkan mental orang indo bebal kuat,0.57,1.205,2.045,1.51,0.915,Fear
15,shuabaragi collegemenfess dianya down untung lulus revisinya gara gara pandemi sidang online dosen pengujinya lunak kasihan untungnya dibantai sih cumay diikasih salah gini kena mental,0.2625,0.875,0.8675,0.9775,0.5,Sadness
16,steffinner bertanyarl benerrr bgttt allah ampe sediiihhhh orang menganggap orang kesehatan mental iman ibadah tuhan nya dikaitkan ibadah faktor agama sih jujuurr sediiihh asli,0.2,0.2,0.2,0.2,0.2,Neutral
17,susipudjiastuti sedih pendemi covid orang dagang kesulitan hidup nelangsa kuat mental depresi berat menghadapi hidup,0.3125,0.768333,0.7625,0.7975,0.45,Sadness
18,tempodotco didienazhar proyek prioritas dibutuhkan rakyat pandemi ditunda butuh keberanian berpihak rakyat butuh mental penjilat membantu cukong kroninya pengorbanan kearifan pemimpin dibutuhkan krisis cuci tangan,0.2,0.2,0.2,0.2,0.2,Neutral
19,tirta cipeng bisikam dok everton menang saran biar begadang takut mengganggu kesehatan fisik mental,0.475,1.17625,1.19375,1.1425,0.83375,Fear
20,tubirfess sorry hear that hebat bertahan titik inii hanya saranin kuatin jaga kesehatan fisik mental nyerah cari kerjaan gaji semoga membaik hutangnya cepat selesai amin,1.632,0.536,0.72,0.524,0.608,Happiness
21,coming soon webinar kesehatan nasional banyaknya orang mengalami permasalahan kesehatan mental akibat pandemi covid dipahami pandemi covid sumber stres masyarakat dunia sosialisasi masyarakat mqewsqml,0.525,1.75,1.735,1.955,1.0,Sadness
22,ahli keuangan akibat pandemi covid pengaruhi kesehatan mental cxmsesdc,0.2,0.2,0.2,0.2,0.2,Neutral
23,indonesia terbuka kesehatan mental,0.2,0.2,0.2,0.2,0.2,Neutral
24,rencana rencana berjalan mulus pandemi heran bikin stres okay not okay yuk tonton video ruangjeda dfsouxqqxp mentalhealth mhuooqg,0.2,0.2,0.2,0.2,0.2,Neutral
25,mutual jan lupa jaga kesehatan fisik mental loou makan bergizi sehat suplemen vitamin capai istirahat mumet coba gambar jurnaling ngetweet semoga moots sehat penuh kebaikan bye,0.816,0.268,0.36,0.262,0.304,Happiness
26,day mental kesehatan ekonomi pandemi,0.2,0.2,0.2,0.2,0.2,Neutral
27,nama tuhan yesus apapun hasil drawnya semoga pemain pemain indonesia lancar kekuatan secar fisik mental hasil terbaik kejuaraan dunia ada cedera podium tertinggi target pemain,0.714,0.2345,0.315,0.22925,0.266,Happiness
28,kegiatan live instagram diharapkan meningkatkan self awareness masyarakat menjaga kesehatan mental pandemi agymautq,0.3625,0.48,0.4925,0.46,0.3225,Fear
29,perkembangan teknologi pandemi covid psikolog klinis temukan mental simak selengkapnya othotqkki,0.2,0.2,0.2,0.2,0.2,Neutral
30,situasi pandemi covid kesehatan fisik kesehatan mental dijaga isolasi mandiri kesehatan mental meningkatkan daya tahan tubuh ubuj,0.2,0.2,0.2,0.2,0.2,Neutral
31,dinas liat diagnosa pasien hamil kena covid berasa sedih langsung mikir mental bayinya fase,0.2625,0.875,0.8675,0.9775,0.5,Sadness
32,bersyukur loh dimasa pandemi berat mental kesehatan and money stressfull ngadepin dunia merasakan isolasi covid cenderung tahap berat teman sosmed nyalakan notif mss tuh ngebantu tertawa paham,0.051562,0.069375,0.069062,0.054688,0.04375,Anger
33,isu terkait kesehatan mental diperbincangkan pandemi covid berbeda orang dewasa anak anak cendrung sulit mengutarakan isi hatinya zrzn uws mentalhealth anakstres ayahbunda,0.103125,0.13875,0.138125,0.109375,0.0875,Anger
34,lupa jaga bodi jaga mental kalah mental utama info pandemi orang alami depresi jaga mental merawat gembira semangat optimis,2.04,0.67,0.9,0.655,0.76,Happiness
35,jarang drama bahas kesehatan mental gini serius ilmu gratis hanya nonton drama,0.725,0.96,0.985,0.92,0.645,Fear
36,kabar berbelanja online bermanfaat kesehatan mental lho wejun,0.2,0.2,0.2,0.2,0.2,Neutral
37,wbp dianjurkan menerapkan kebiasaan kebiasaan tubuh mental lingkungan diterpa pandemi covid,0.2,0.2,0.2,0.2,0.2,Neutral
38,kegiatan lakukan acara webinar covid tema kenal kebal sehat fisik mental pandemi,0.18125,0.24,0.24625,0.23,0.16125,Fear
39,kesehatan mental dijaga pandemi pembatasan kegiatan ruang gerak jarang kesal depresi,0.090625,0.12,0.123125,0.115,0.080625,Fear
40,kesehatan mental sejatinya perhatian kehidupan manusia mental sehat manusia menjalankan kesehariannya lancar era pandemi covid berusaha menjaga kesehatan mental,0.51,0.1675,0.225,0.16375,0.19,Happiness
41,kesimpulan guedapet tinggalin apapun mengganggu kesehatan mental,0.3325,0.875,0.6825,0.765,0.605,Anger
42,tubuh mental sehat kelebihan produktif kegiatan sehari pandemi bersyukur sobatcegah salah menjauhi narkoba rusak dirimu narkoba sob dgoyue pdw,0.045312,0.06,0.061562,0.0575,0.040313,Fear
43,kondisi burnout burnout istilah menggambarkan kondisi stres berat dipicu pekerjaan burnout dibiarkan berlarut larut diatasi memengaruhi kesehatan fisik mental jlzeqgiyxg,0.025781,0.034688,0.034531,0.027344,0.021875,Anger
44,lisa cinta inside suicide awareness platform bantuan kesehatan mental kecanduan melukai amp ide percobaan bunuh lisa hotline bahasa indonesia english suicideprevention pencegahanbunuhdiri,1.33,3.5,2.73,3.06,2.42,Anger
45,lumayan vital sih pandemi gini serba susah ngaruh mental orang indo menyepelekan masyarakat diedukasi,2.215,3.335,3.3,3.55,3.755,Disgust
46,lumayan tuh dibilang manipulatif sih gaslight gimana pokoknya smp bahagia keluarga tuh gapeduli smp kesehatan mental ampe,0.92,3.66,3.2,3.69,3.48,Sadness
47,pandemi beban mental mendalam masyarakat dunia klasik perihal kesehatan mental stigma buruk masyarakat mendobrak stigma headline kmtb alyf,0.6525,1.45,1.1675,1.25,1.53,Disgust
48,kesehatan mental steorotip negatif psikolog psikiater,0.2,0.2,0.2,0.2,0.2,Neutral
49,psikologis depresi meningkat pandemi covid peningkatan kesadaran kesehatan mental majalahtempo cnqdeycbxk,0.2,0.2,0.2,0.2,0.2,Neutral
50,orang mengekspresikan kecewanya berbeda beda self harm haram hukumnya berjuang self cinta menjaga kesehatan mental,0.2,0.2,0.2,0.2,0.2,Neutral
51,kutahu kesadaran kesehatan mental negeriku tercinta semoga menyadari kesehatan mental,0.2,0.2,0.2,0.2,0.2,Neutral
52,menerapkan menjaga kesehatan mental pandemi covid menjalani produktif gais,0.2,0.2,0.2,0.2,0.2,Neutral
53,orang duk kecoh kes covid least covid once positive kena rawatan and kuarantin insyaallah wbls once kena mental kesehatan terpaksa berkurung kerja rumah susah anak main kes depression,1.675,1.39,1.395,1.625,1.8,Disgust
54,pandemi covid menimbulkan dampak mengkhawatirkan kesehatan mental anak anak anak muda unicef filantropiina mengundang menghadiri virtual sharing session membahas isu kesehatan mental anak akibat pandemi covid berkepanjangan oeqnyx,0.285,0.6025,1.0225,0.755,0.4575,Fear
55,pandemi bahaya kesehatan mental atasanku kantor orgnya pendiam jarang cerita pribadi kemarin ppkm jawa bali diperpanjang kesekian kalinya belio sedih curhat kangen rumah anak istrinya jogja sembuh covid pekan,0.13125,0.4375,0.43375,0.48875,0.25,Sadness
56,salah teman mental kesehatan issue denganku berjuang melawan covid ngakunya mental waras berisik medsos sharing info berguna pandemi blas kakehan hoax,0.695,1.485,0.705,0.695,0.725,Anger
57,membahas kbgo kasusnya pandemi kbgo kekerasan bentuk apapun menyebabkan trauma psikologis serius korbannya careforothers mentalhealth noeathu,0.305833,0.445417,0.51875,0.425,0.300417,Fear
58,keterbatasan pandemi memunculkan resesi ekonomi orang kehilangan pekerjaan penurunan penghasilan kesulitan memenuhi kebutuhan hidup akumulasi ketidakstabilan mental amp tekanan ekonomi mencuatnya kdrt,0.051562,0.069375,0.069062,0.054688,0.04375,Anger
59,selipkan doa sekeluarga sehat sakit sehat fisik mental bahagia doakan pandemi hilang doakan goals tercapai lupa mendoakan amp ayah doakan kebaikan,0.332,0.9485,0.845,0.95525,0.908,Sadness
60,stres tantangan kesehatan mental berat pandemi covid xqapbjapp,0.012891,0.017344,0.017266,0.013672,0.010937,Anger
61,jaga kesehatan mental duka pandemi pxmjs teman  berat nerima kenyataan akibat pandemi kehilangan orang sayang keluarga teman orang kenal yuk jaga kesehatan mental pkau xgfd,0.006445,0.008672,0.008633,0.006836,0.005469,Anger
62,liat liat orang indonesia merendahkan kesehatan mental concern,0.58,1.655,1.085,1.065,0.87,Anger
63,lakuin bantuin kerja rumah bantuin sekolah daring adik tuhan sih bahagianya bersyukur dikasi kesehatan fisik walopun mental mgkin,0.23,0.915,0.8,0.9225,0.87,Sadness
64,desember nih ada drama season sekian masukin baju koper staycation ngedate laptop tumpukan dokuman kali off burung biru off camera kasihan kesehatan jiwa mental tin fokus closing date noh dokumen diapproved,0.13125,0.4375,0.43375,0.48875,0.25,Sadness
65,menteri bisnis nuansa memanfaatkan pandemi memperkaya mengumpulkan untung rakyat buntung menghina revolusi mental menurutmu usutbisnistespcr usutbisnistespcr gambar ilustrasi hyqprxsan,0.58,1.655,1.085,1.065,0.87,Anger
66,dafaa rangnick isn that bad serius mental pemain ketolong,0.18125,0.24,0.24625,0.23,0.16125,Fear
67,hikakatnya mental celaru kasihan pengikut wala,0.065625,0.21875,0.216875,0.244375,0.125,Sadness
68,pemulihannya not easy accepted susah tuh mental nya kuat gila,0.8375,0.695,0.6975,0.8125,0.9,Disgust
69,okay test mental kelak gantian dosen orang tua bikin trauma,0.07125,0.150625,0.255625,0.18875,0.114375,Fear
70,kak ada trauma innerchild introvert yoo ngene iki keakehan follow akun kesehatan mental sing tebar fear wkwkwk,0.035625,0.075313,0.127812,0.094375,0.057188,Fear
71,mental ngotot nya liverpool ngeri,0.57,1.205,2.045,1.51,0.915,Fear
72,temu pendengar temu memahami mental kesehatan sulit,0.025781,0.034688,0.034531,0.027344,0.021875,Anger
73,mental kesehatan hasn been good condition kematian teman salah keluarga mem tnbbkq oyk,0.525,1.75,1.735,1.955,1.0,Sadness
74,mukidimewek mukidimewek kasihan kuat mental kayaknya hvu nid,0.032813,0.109375,0.108438,0.122188,0.0625,Sadness
75,gmpang cari susah masi disediain bersyukurlah sender kena mental sender santuy zlzestw,0.41875,0.3475,0.34875,0.40625,0.45,Disgust
76,asteroidjisung takut menguji mental,0.1425,0.30125,0.51125,0.3775,0.22875,Fear
77,jkcloud mental tempe kasihan,0.016406,0.054688,0.054219,0.061094,0.03125,Sadness
78,syifawahyuni enak mental kasihan,0.008203,0.027344,0.027109,0.030547,0.015625,Sadness
79,zerotwo bibitlove muttaqi hasan rizqifauzi andritany mental segitu payah sok keras nuubrgg,0.20625,0.2775,0.27625,0.21875,0.175,Anger
80,pjisung rujak takut kena mental,0.07125,0.150625,0.255625,0.18875,0.114375,Fear
81,troops bingung maenin kakak mental menang pemaen frustasi jenuh,0.57,1.205,2.045,1.51,0.915,Fear
82,aadhana mental mental tunggu next week takutnya kena mental,0.035625,0.075313,0.127812,0.094375,0.057188,Fear
83,achaluvley wkwkwkwk seram kek ngelatih mental hahaha,0.57,1.205,2.045,1.51,0.915,Fear
84,acturusj ahsnsjwmsksns panggil adik adik takut adik mental baja adik bwk geng qvzxgzc,0.017812,0.037656,0.063906,0.047188,0.028594,Fear
85,adorableracha samaa pliss suara motornya keras batt auto kena mental xad xad xad xad,0.103125,0.13875,0.138125,0.109375,0.0875,Anger
86,aelpuxr gavveeey lakik mental ciut,0.57,1.205,2.045,1.51,0.915,Fear
87,afikri utomo ngeri ngelihat modric benzema mental real madrid rajanya liga champions terbukti salut,0.285,0.6025,1.0225,0.755,0.4575,Fear
88,agnezmohugefans fitrirahma agnezmo hahah that true ccuma open eyes haters haha kadang kasihan mental,0.004102,0.013672,0.013555,0.015273,0.007812,Sadness
89,ahyassyarif hahaha mental ciut mas ketemu ngapain menandakan bersosial eqoh,0.285,0.6025,1.0225,0.755,0.4575,Fear
90,aintlova takut dibaca ulang kali been you markren vers january mwehehe selemah mental,0.008906,0.018828,0.031953,0.023594,0.014297,Fear
91,ndrug kasihan modelnya kena mental yvc,0.002051,0.006836,0.006777,0.007637,0.003906,Sadness
92,ancealaa idextratime iya kasihan main pasang masuk jajaran top dunia mental pasang kuran vzmpmdb,0.001025,0.003418,0.003389,0.003818,0.001953,Sadness
93,andritany biasalah kakak mental sosmed ketemu langsung ciut dianya,0.1425,0.30125,0.51125,0.3775,0.22875,Fear
94,animefess kematian ijul bikin sedih kuat yakk siapin mental pokoknya kejutan,0.164062,0.546875,0.542188,0.610938,0.3125,Sadness
95,anismar kasihan gembok akun nyh kena mental kya nyh,0.000513,0.001709,0.001694,0.001909,0.000977,Sadness
96,annisabalqis sulit anak aing kena mental anak aing wkwkwk,0.012891,0.017344,0.017266,0.013672,0.010937,Anger
97,applefujis bestie xab harpy bau bully kena mental susah,0.209375,0.17375,0.174375,0.203125,0.225,Disgust
98,aqil maulanaq speed indo simulator susah sih klaim cepat simulator kenyataannya mental mentul,0.104688,0.086875,0.087188,0.101562,0.1125,Disgust
99,ardynshufi mental membaik kliatan menang ngotot down situasi sulit sakitu pusat mah,0.054223,0.021086,0.026816,0.019793,0.021734,Happiness
100,areajulid hanya finansial mental menye menye gfqdfhwpeh,0.2,0.2,0.2,0.2,0.2,Neutral
101,armyfess mental wkwkwk kasihan army jerit besok,0.000256,0.000854,0.000847,0.000955,0.000488,Sadness
102,arteqryn aotfess wkwkwkwk kasihan kena mental xad xad xad,0.000128,0.000427,0.000424,0.000477,0.000244,Sadness
103,ayamgeprekst str div convomf mental ciut,0.07125,0.150625,0.255625,0.18875,0.114375,Fear
104,azizahstyles tubirfess susah adik ipar mental majikan wkwkw,0.052344,0.043437,0.043594,0.050781,0.05625,Disgust
105,baba tarot berat beda kondisi mental keuangan keluarga btcjctgzrh,0.003223,0.004336,0.004316,0.003418,0.002734,Anger
106,barcastuff idn susah mental down duluan,0.026172,0.021719,0.021797,0.025391,0.028125,Disgust
107,bbyhoonie iya matkul otomatis susah hihi kuatt mental pikiran,0.013086,0.010859,0.010898,0.012695,0.014063,Disgust
108,bdngfess kenal cerita keluarganya broken home trauma ggr mantan mental issues,0.017812,0.037656,0.063906,0.047188,0.028594,Fear
109,bdngfess sikap mental orang beda gigih ngejar langsung stop tergantung faktor,0.725,0.96,0.985,0.92,0.645,Fear
110,beebodally aneh kalilah orang orang giliran dinasehatin netizen marah nuduh netizen mental tukang bully,0.665,1.75,1.365,1.53,1.21,Anger
111,belindch sealiran nih dok ragu takut kuat mental omongan orang anak dikasih susu ullgyn,0.287227,0.607207,1.030488,0.760898,0.461074,Fear
112,beyourlight saking excitednya tepuk tangan keras patah mental,0.051562,0.069375,0.069062,0.054688,0.04375,Anger
113,binremis hanya kena mental broooww xad xad,0.2,0.2,0.2,0.2,0.2,Neutral
114,bola jakarta mental pemain gan sulit kudu rombak squad musim,0.003223,0.004336,0.004316,0.003418,0.002734,Anger
115,bwfscore mental lawan down kena teriakan bocil kematian,0.13125,0.4375,0.43375,0.48875,0.25,Sadness
116,calrvr sopan bocah mental menggelinding,2.04,0.67,0.9,0.655,0.76,Happiness
117,catitaliste marah nasibnya diketawain ngakunya kuat mental,0.3325,0.875,0.6825,0.765,0.605,Anger
118,cecedea tubirfess orang main twitter langsung kena mental dikasih beballl,0.2,0.2,0.2,0.2,0.2,Neutral
119,chanlmin jvyoen sorry kak disni kena mental mellow sedih merenung,0.278906,0.929688,0.921719,1.038594,0.53125,Sadness
120,chitaglorya saudara memiliki keterbatasan mental usaha dagangannya mengalami kesulitan vur nihsoa,0.001611,0.002168,0.002158,0.001709,0.001367,Anger
121,chojushou apikykuk mafia seram mental cemen,0.285,0.6025,1.0225,0.755,0.4575,Fear
122,cnnindonesia mental negara penjajah ceu sekongkol ramai ramai kaya,0.3475,0.7425,0.3525,0.3475,0.3625,Anger
123,collegemenfess bapakku trauma guru wkwk gajinya bagus pns mental ngadepin siswa nya bikin capai,0.008906,0.018828,0.031953,0.023594,0.014297,Fear
124,collegemenfess mental canda mental serius sih,0.090625,0.12,0.123125,0.115,0.080625,Fear
125,collegemenfess sakit mental dosenku ngeri mheri bamget anjirr tugasnya setruk,0.1425,0.30125,0.51125,0.3775,0.22875,Fear
126,convomf jujur orangtua menjatuhkan mental anaknya wha leqjtc,1.125,1.2175,1.0975,1.1375,0.9225,Anger
127,convomf orangtua kondisi fisik amp mental serius lttl,0.045312,0.06,0.061562,0.0575,0.040313,Fear
128,convomf mental ada apaapa loh berat happy for life,0.001611,0.002168,0.002158,0.001709,0.001367,Anger
129,convomf kena mental sender serius,0.022656,0.03,0.030781,0.02875,0.020156,Fear
130,convomf sender keren serius kena mental,0.011328,0.015,0.015391,0.014375,0.010078,Fear
131,convomf ngapain kena mental grgr orang merendah meninggi merendahkan orang blokir sender teman tahi,0.29,0.8275,0.5425,0.5325,0.435,Anger
132,cygaraga jnnazira ayuazizz mental rosak gaduh hahaha,0.695,1.485,0.705,0.695,0.725,Anger
133,depressshot komen bingung semoga kakak sehat fisik mental,0.285,0.6025,1.0225,0.755,0.4575,Fear
134,dilrabea kapok cess masuk baju sumpah trauma kena mental xad,0.004453,0.009414,0.015977,0.011797,0.007148,Fear
135,dribble dapettttt hanya mental grgr bingung,0.228,0.482,0.818,0.604,0.366,Fear
136,dulc susah anak siapkan manuskrip rushing mengganggu mental zjjtx kvm,0.086396,0.221465,0.17335,0.194424,0.154766,Anger
137,ehara poetry aduh ngeri sedep xad semoga dilindungi kuat mental dijahilin,0.07125,0.150625,0.255625,0.18875,0.114375,Fear
138,eksaoktavian berati mental tempe,0.000806,0.001084,0.001079,0.000854,0.000684,Anger
139,eri one makany pemain bola muda keras mental tempe,0.025781,0.034688,0.034531,0.027344,0.021875,Anger
140,izalhassan bombajbpm fikir betapa cracknya mental anak mati trauma seumur hidup water heater takziah keluarga,0.002227,0.004707,0.007988,0.005898,0.003574,Fear
141,faizaufi coba bantalnya dilempar anak mental ilmu,0.525,1.75,1.735,1.955,1.0,Sadness
142,faizaufi coba dilempar bantal mental percaya,0.2625,0.875,0.8675,0.9775,0.5,Sadness
143,finnanoviyanti ngeri bangettt kudu mental menghadapi fase tumgi,0.035625,0.075313,0.127812,0.094375,0.057188,Fear
144,flikrii bukanmayoritas the redsindo bagus sih lawannya berat berat lolos mental,0.000201,0.000271,0.00027,0.000214,0.000171,Anger
145,gagalbackstreet bangeet capeknya tuh fisik mental teriakannya terngiang hahahaha,0.525,1.75,1.735,1.955,1.0,Sadness
146,gasukaluwkwk jiiiyah ngeri kena mental cil,0.017812,0.037656,0.063906,0.047188,0.028594,Fear
147,coachjustinl gol benz bikin mental pasang down sih kayaknya aggregat lolos gol bcblurhwuk,0.2,0.2,0.2,0.2,0.2,Neutral
148,agwss nyaiibubu kondisi mental capai pandemi tekanan ekonomi provokasi ajakan bergembira berlandaskan acara agama selesai perhatikan abai,0.9725,0.5175,0.54,0.49125,0.5575,Happiness
149,collegemenfess sender ppkm pandemi bikin capai capai mental capai pikiran mengembangkan maksimal explore katak tempurung asli teman kampus dekat  suka muncul ketakutan teman,0.003562,0.007531,0.012781,0.009438,0.005719,Fear
150,menerapkan menjaga kesehatan mental pandemi covid menjalani produktif salah kunci tubuh sehat hati gembira staysafestayhealthy lawancovid,0.51,0.1675,0.225,0.16375,0.19,Happiness
151,nangis thanks kak tweet kakak reflecting diriku insecure ada kelebihan kelebihanku sederhana sehat walafiat kondisi pandemi mental suka terguncang,1.96,0.555,0.595,0.575,0.545,Happiness
152,pandemi dirumah pergi sekolah really good for mental kesehatan enaknya mah ada,0.2,0.2,0.2,0.2,0.2,Neutral
153,berpotensi mengalami mental pandemi covid menjaga kesehatan mental pandemi simak radio talk lawancovid bnpb indonesia ingatpesanibu sudahdivaksintetap vaksinmelindungikitasemua ldz cdc,0.2,0.2,0.2,0.2,0.2,Neutral
154,simak tips sederhana menjaga kesehatan mental pandemi merahputihcom tips selfcare selflove rnshennkn,0.98,0.2775,0.2975,0.2875,0.2725,Happiness
155,yuk bantu penuhi nutrisigardaterdepan tim medis berjuang garda terdepan menangani covid mengalami kelelahan fisik mental tingginya beban kerja akibat covid berdampak menurunnya imunitas,0.525,1.75,1.735,1.955,1.0,Sadness
156,ahh besok mulung streaming nya tiring day ngantuk lelah fisik mental wkwkwkw trying jik,0.2625,0.875,0.8675,0.9775,0.5,Sadness
157,pribadi sederhana pribadi memiliki mental kaya mental kaya memiliki jkz cor,0.49,0.13875,0.14875,0.14375,0.13625,Happiness
158,lelah mental nangis yak kepala yaudah wed,0.13125,0.4375,0.43375,0.48875,0.25,Sadness
159,kesehatan sejahtera fisik mental sosial utuh bebas penyakit wvshoy,0.2,0.2,0.2,0.2,0.2,Neutral
160,kiky saputri semprot anak kuliahan singgung mental kesehatan lelah allah kikysaputri,0.065625,0.21875,0.216875,0.244375,0.125,Sadness
161,permasaum bersukan bah exco sukan rekreasi permasa perkongsian info kesihatan mental maksud kes,0.2,0.2,0.2,0.2,0.2,Neutral
162,minggu pjj ptm berasa habis maraton anjir lelah fisik mental,0.032813,0.109375,0.108438,0.122188,0.0625,Sadness
163,wolfhorschele kuat mental nonton offline lelah,0.016406,0.054688,0.054219,0.061094,0.03125,Sadness
164,afmhmdd butuh hiburan bestie search temu mental aman,2.055,0.62,0.735,0.665,0.54,Happiness
165,agssaputro idextratime akbargundol mental aman kakak,1.0275,0.31,0.3675,0.3325,0.27,Happiness
166,akuwibowooaja kerjaan aman mental kesehatan kaga sek era mental kesehatan trust issue,0.51375,0.155,0.18375,0.16625,0.135,Happiness
167,aldihaydarm hahahahhahahh ngomongnya semoga kesehatan mental terjaga xad,2.055,0.62,0.735,0.665,0.54,Happiness
168,alvyaprilia lelah mental amp fisiknya pih xbb xef,0.008203,0.027344,0.027109,0.030547,0.015625,Sadness
169,anataisme semoga cepat selesai capai istirahat paksa mental kega msclb bncc,0.2,0.2,0.2,0.2,0.2,Neutral
170,andrianhamdani taktik teknik mental,0.2,0.2,0.2,0.2,0.2,Neutral
171,anggafi idextratime disenggol nangis mental aman kakak,0.256875,0.0775,0.091875,0.083125,0.0675,Happiness
172,aremafcofficial mental aman genk hahah,0.128438,0.03875,0.045937,0.041563,0.03375,Happiness
173,armyfess trimksh semoga mental aman xaa xbb,0.064219,0.019375,0.022969,0.020781,0.016875,Happiness
174,artistsbase kesiapan mental sih ngadepin orang sabar sih konsisten tanggung kelebihan disiplin,2.16,0.56,0.55,0.57,0.52,Happiness
175,astracinez oke kak maaf berani takut mental breakdown xbc xbc,0.001781,0.003766,0.006391,0.004719,0.002859,Fear
176,asttanggi reni txtdrberseragam baca nya takut nya kuat mental ngebalesin nya,0.000891,0.001883,0.003195,0.002359,0.00143,Fear
177,avogattoo menikah mudah mental fisik,1.96,0.555,0.595,0.575,0.545,Happiness
178,aynprln retweett suka nih mental mental gini wkwk twiternya aman aman gini suka membicarakan,0.0411,0.0124,0.0147,0.0133,0.0108,Happiness
179,badmintoneropa palinganakudipehape sabar min drtadi kena mental,1.08,0.28,0.275,0.285,0.26,Happiness
180,baeyijin semoga obatnya rajin diminum sehari takutnya penyakit mental yukkk sehat yuuukkk,0.000445,0.000941,0.001598,0.00118,0.000715,Fear
181,barcastuff idn mental ucl beda menang terliat mudah sempet kewalahan,0.98,0.2775,0.2975,0.2875,0.2725,Happiness
182,beyourlight gimana sih rasanyaa sumpah takut mental lemah kejadian,0.000223,0.000471,0.000799,0.00059,0.000357,Fear
183,boboiboy siapin mental boy takut baperrr cry,0.000111,0.000235,0.000399,0.000295,0.000179,Fear
184,box boxbola manager board manager cari mental juara board sabar membangun tim ovdkc,0.54,0.14,0.1375,0.1425,0.13,Happiness
185,box boxbola mental dibeli boss pemain gajinya kegedean nyaman cenderung kya tentara bayar nhj dyjwrn,2.055,0.62,0.735,0.665,0.54,Happiness
186,buttcrumbw takut kena mental,5.6e-05,0.000118,0.0002,0.000147,8.9e-05,Fear
187,chachashafira iya afsthk sabar mental xad xad,0.27,0.07,0.06875,0.07125,0.065,Happiness
188,convomf tulis lisan kasihan jantung mental aman,0.010307,0.003207,0.003781,0.003444,0.002761,Happiness
189,convomfs bebas terserah bayarannya mental awokaowkaowk nilai gede xbb,0.2,0.2,0.2,0.2,0.2,Neutral
190,dennysiregar lapor melapor mah bebas tinggal laporanx kuat cum adagelan mental,0.2,0.2,0.2,0.2,0.2,Neutral
191,doni salmanan padon mental aman pgizzrt,0.010275,0.0031,0.003675,0.003325,0.0027,Happiness
192,eboondcah aman mental,0.005138,0.00155,0.001837,0.001663,0.00135,Happiness
193,ehahoyy twt aman mental anjir bikin meninggoy,0.002569,0.000775,0.000919,0.000831,0.000675,Happiness
194,epaww lalisalovmi tanyakanrl mental aman sender xad,0.001284,0.000388,0.000459,0.000416,0.000338,Happiness
195,errrdokys txtdrmahasiswa takut kena mental xad anak jaman mah main,2.8e-05,5.9e-05,0.0001,7.4e-05,4.5e-05,Fear
196,resign tahan cari kerja susah pandemi gini kesehatan mental gaji,0.003271,0.002715,0.002725,0.003174,0.003516,Disgust
197,lepas habis you anak sambung phd pulak hati study susah hilang enjoy kwn koyak covid jumpa kwn mental kesehatan stable covid,0.001636,0.001357,0.001362,0.001587,0.001758,Disgust
198,aik arif gandhawangi kompasdata deonisiaarlinta pandemi mereda mengalami gangguan kesehatan mental perkara sederhana ahli bidang meringankan beban adadikompas pedulisehatjiwa worldmentalhealthday abdullah fikri atipqfeisb,1.1025,0.312188,0.334687,0.323437,0.306563,Happiness
199,bisakahharusbis emm kayaknya kerjaan kelebihan kekurangannya nya dehhh jalanin mata butuh ambil saja  kerjaan susah iya ngerti kesehatan mental uang bikin stres,0.000818,0.000679,0.000681,0.000793,0.000879,Disgust
200,sylvidheaa samaaaa kasar sih jatohnya dikatain mental ngemis bneer butuh bantuan pandemi gini komen sih you cant say something nice just shut apadaya males,0.64,1.15,0.97,0.97,1.85,Disgust
201,bertempat blok hunian lapas perempuan kelas iia jakarta membagikan air jahe hangat warga binaan pemasyarakatan kegiatan bentuk ikhtiar lapas menjaga kesehatan fisik mental warganya pandemi covid,0.197578,0.26625,0.190391,0.243125,0.308828,Disgust
202,covid bebetul kacau mental kesehatan susah anak tido risau esok what tetiba sesak nafas tido,0.000409,0.000339,0.000341,0.000397,0.000439,Disgust
203,gampang gakbisa berdamai membawa mental disorder kesehatan tameng duit psikiater control jiwa party pandemi,1.96,0.555,0.595,0.575,0.545,Happiness
204,rantai kesehatan mental indonesia putus alih alih sang adik pendamping mental dihancurkan mentalny laki laki adab orang perempuan akal,0.18625,0.25125,0.175,0.22875,0.29875,Disgust
205,niii namanya mental kesehatan issue permukaan story perempuan indo stres pandemi bolbal ind obatnya lahan sulawesi anak amp lakinya stres remuk,0.093125,0.125625,0.0875,0.114375,0.149375,Disgust
206,pandemi covid hanya berdampak kesehatan fisik orang mengalami gangguan kesehatan mental loh sahabat tidar deaaderiaa merawatnya ngelakuin meditasi ringan meditasi ringan dengerin apelpagi request lagu yuk gaqpwt,1.2544,0.3552,0.3808,0.368,0.3488,Happiness
207,selamat umayy sabar film kukirakaurumah film bipolarcare indonesia semoga film aware kesehatan mental,1.095,0.3275,0.384688,0.350313,0.28625,Happiness
208,semenjak pandemi bilang teman teman nge kost kuliah kuat jujur hanya smt merasakan kuliah rumah nangis fokus kuliah kek gangguan nya kena mental haha,0.7925,0.3425,0.415,0.3725,0.3175,Happiness
209,teknologi sains maju orang orangnya katro percaya corona menganggap enteng pandemi percaya konspirasi kirain merdeka euy ada mental mental katro gini pantes diadu domba belanda,1.96,0.555,0.595,0.575,0.545,Happiness
210,kachigoshipo dosenku muda gara gara tekanan sabar bestie tekanan mental,0.0675,0.0175,0.017188,0.017812,0.01625,Happiness
211,nderr bat njink mental bangga renee don mind kadang sender cophtsd,1.59,0.775,0.79,0.645,0.63,Happiness
212,tirta cipeng omicron kayake ringan dok recoveryne loalah suwe kenek mental gamp vmz bwmjie,0.6272,0.1776,0.1904,0.184,0.1744,Happiness
213,gila rumah tujuannya main pandemi diitung jari bangga even mental gasehat jjmuhv,0.795,0.3875,0.395,0.3225,0.315,Happiness
214,mama tahan sakit hati gabole jahat orang walopun dijahatin anakmu kena mental,0.64,1.15,0.97,0.97,1.85,Disgust
215,mantepppp mental baja xaa xbc polisi terekam ditembak anak perempuan setangkai bunga eplpjx,0.046562,0.062812,0.04375,0.057188,0.074688,Disgust
216,perkuat mental perbesar sabar all will pass,0.03375,0.00875,0.008594,0.008906,0.008125,Happiness
217,beda urus anak mah mental kayaknya sabar masanya diliat paksu auhkaizwps,0.016875,0.004375,0.004297,0.004453,0.004063,Happiness
218,nthaaannnn coachjustinl mental blunder donarumma jujur anceloti taktiknya old school,0.39625,0.17125,0.2075,0.18625,0.15875,Happiness
219,sridiana erickthohir nicho silalahi ampun memalukan komisaris mental premannya lengket ilang,0.64,1.15,0.97,0.97,1.85,Disgust
220,sridiana mental cabul kaya,0.64,1.15,0.97,0.97,1.85,Disgust
221,pradanaa uih jokowi mental penggerutu hahaha dptin koneksi gampang tinggal cari komunitas tibjs,0.98,0.2775,0.2975,0.2875,0.2725,Happiness
222,adzimahyuzri martinirahman true mental kena jaga sabar struggle grhkndj,0.008438,0.002188,0.002148,0.002227,0.002031,Happiness
223,afifxavi klub mental susah,0.000204,0.00017,0.00017,0.000198,0.00022,Disgust
224,afrkml susah xad kena mental pedean hknhc rej,0.000102,8.5e-05,8.5e-05,9.9e-05,0.00011,Disgust
225,afwarm stok sabar stok mental healthy stok anti keluh stok uang wkkw,0.004219,0.001094,0.001074,0.001113,0.001016,Happiness
226,aldeposesif anakmu kena fitnah maaa sabar hidup orang gangguan mental,0.002109,0.000547,0.000537,0.000557,0.000508,Happiness
227,alkatirichniago susah kalah mental mah wkwk,5.1e-05,4.2e-05,4.3e-05,5e-05,5.5e-05,Disgust
228,andihiyat ada sekolah menyenangkan sakit mental ada,1.965,0.61,0.585,0.595,0.56,Happiness
229,cemas mengelolanya imunitas tubuh turun terpapar covid berkonsultasi profesional kesehatan mental mengalami kecemasan,0.1425,0.30125,0.51125,0.3775,0.22875,Fear
230,marak digaungkan kesehatan mental perhatian nih seleb indonesia pelopor biar aware takut kesehatan mental qrb rfo,1.4e-05,2.9e-05,5e-05,3.7e-05,2.2e-05,Fear
231,lagu dis ease mengangkat tema isu mental cemas ketidaknyamanan hope terinspirasi passion nya berkarya pandemi menyusun menulis lagu suga jimin makna lirik lagu bts,0.07125,0.150625,0.255625,0.18875,0.114375,Fear
232,prokernya ada jalan pandemi gini they rarely talk about mental kesehatan ngerti orang trigger mbahas,0.2,0.2,0.2,0.2,0.2,Neutral
233,ekonomi berita hoaks cyberbullying penyebab utama penurunan kesehatan mental pandemi april konten hoaks covid berasal media sosial cyberbullying medsos,0.2,0.2,0.2,0.2,0.2,Neutral
234,mengawari harinya lho cemas situasi kondisi pandemi covid ekstrim menyadarkan kesehatan fisik nyawa mental ztjqjze,0.035625,0.075313,0.127812,0.094375,0.057188,Fear
235,harinya lho cemas situasi kondisi pandemi covid ekstrim menyadarkan kesehatan fisik nyawa mental ternilai harganya what the biggest vymzmh qit,0.017812,0.037656,0.063906,0.047188,0.028594,Fear
236,hanya efek fisik covid memengaruhi mental stres dsn cemas pandemi turunkan gairah seks kvidn imsr,0.01425,0.030125,0.051125,0.03775,0.022875,Fear
237,hanya efek fisik covid memengaruhi mental stres dsn cemas pandemi turunkan gairah seks lzt xfgni,0.0114,0.0241,0.0409,0.0302,0.0183,Fear
238,shamsiali malik abdul mental rendah takut ketinggian islam ustadz,7e-06,1.5e-05,2.5e-05,1.8e-05,1.1e-05,Fear
239,miris manusia bumi takut cemas kelemahan mental dijadikan bahan tertawaan orang bahagia,0.040234,0.156519,0.140154,0.158786,0.148052,Sadness
240,ardynshufi maringa kena mental bruno disikat sukuna pemain arema nganggep enteng bruno bebas wae,0.98,0.2775,0.2975,0.2875,0.2725,Happiness
241,askrlfess kaya hasil observasi disimpulin sih lelah fisik mental,0.004102,0.013672,0.013555,0.015273,0.007812,Sadness
242,bandung vereeniging mental pemain teu bohong geus pesimis team lelah cetak gol,0.291025,0.830918,0.545889,0.536318,0.436953,Anger
243,binisingto dirumah enak makan aman aman mental aman xbb kos mental aman lambung aman xbb,4e-05,1.2e-05,1.4e-05,1.3e-05,1.1e-05,Happiness
244,bts twt maaf dihari ulang kesini capai lelah mental fisik menghilang iczmd,0.001025,0.003418,0.003389,0.003818,0.001953,Sadness
245,cenoramoons kak dipaksain lagipula nyiapin mental takut kam ecxcruu,2e-06,4e-06,6e-06,5e-06,3e-06,Fear
246,cheollyeochin mbb seru agak  gruesome bikin lelah mental,0.000513,0.001709,0.001694,0.001909,0.000977,Sadness
247,ciwgaerette ealahhh jebul podo gemana mental aman,2e-05,6e-06,7e-06,6e-06,5e-06,Happiness
248,coachjustinl taktik boss mental pemain drop abis blundernya,0.2,0.2,0.2,0.2,0.2,Neutral
249,collegemenfess biaya mental teman lingkungan all idk takut tampil depannya,1e-06,2e-06,3e-06,2e-06,1e-06,Fear
250,cvruck minor ccoknya main genshin biar mental aman,1e-05,3e-06,4e-06,3e-06,3e-06,Happiness
251,darkzuii cjangan lupa sarapan selamat beraktifitas lupa jugaa siapin hati jantung mental konser soree,1.0275,0.31,0.3675,0.3325,0.27,Happiness
252,daydreamvreakie takut persiapin mental janga beban batin ter fbn iac,0.0,1e-06,2e-06,1e-06,1e-06,Fear
253,dew snu speedtrap takut kena mental,0.0,0.0,1e-06,1e-06,0.0,Sadness
254,didibulet lek lelah mental,0.000256,0.000854,0.000847,0.000955,0.000488,Sadness
255,dinjk cjangan lupa sarapan selamat beraktifitas lupa jugaa siapin hati jantung mental konser soree loff,0.51375,0.155,0.18375,0.16625,0.135,Happiness
256,dokterparu wkwkwkwk komen hanya takut sendernya kena mental kesehatan,0.0,0.0,1e-06,0.0,0.0,Fear
257,dxascya cjangan lupa sarapan selamat beraktifitas lupa jugaa siapin hati jantung mental konser soree,0.256875,0.0775,0.091875,0.083125,0.0675,Happiness
258,edzardhika wkwkwkw kuat mental down takut labrak,0.0,0.0,0.0,0.0,0.0,
259,gaboleekepoya takut mental kesana kemari din,0.0,0.0,0.0,0.0,0.0,
260,areajulid aroganisme mikir sakit duit rest mevvah isoman perawat pribadi maybe berjuang sabar hadapin pandemi keren mental tenaga dsbg keren,0.001055,0.000273,0.000269,0.000278,0.000254,Happiness
261,chuentoi itsmeangling mdzulnurfaizal calvindws oak math lee bebasvisaid ivanrt addamfarizi yovie myg mikeyam menlu kumparan mental membully mencari solusi indonesia ada fikir edukasi lini mental mencari cuan,0.2,0.2,0.2,0.2,0.2,Neutral
262,cindynsrn dipaksa gimana sefrekuensi mending stop cari ketimbang maksa bertengkar merusak mental kesehatan,0.665,1.75,1.365,1.53,1.21,Anger
263,frin sane jujur semenjak pandemi cuaca panas seeing keringetan mandi normal mental brikdens,0.198125,0.085625,0.10375,0.093125,0.079375,Happiness
264,hnurwahid sampeyan rakyat indonesia warga jakarta hidupnya tenang sampeyan senang jakarta rusuh ato kisruh pejabat mental teroris senang rakyat tenang,0.7675,0.47,0.3095,0.3125,0.305,Happiness
265,taniarzty hawahawa thkyu ingatkan dimasa hehe jujur pandemi rechan kena mental kesehatan hehe kebalikannya rmhin gini kena mental kesehatan healing kesal duit tugas,0.099062,0.042813,0.051875,0.046562,0.039688,Happiness
266,tukang binguung pandemi berhasil merasakan kedewasaan dibutuhkan duit duit duit duit duit duit duit kesehatan mental berhenti menyenangkan orang senang,0.122813,0.038125,0.036562,0.037187,0.035,Happiness
267,txtdrpemerintah bcanda muluk heran nakes berjuang covid kesehatan kadang terabaikan gugur pulang kerumah standby jaga jarak menanggung beban mental ada cont,0.4625,0.35,0.315,0.3275,0.3675,Happiness
268,vantaektha collegemenfess selamat pagi tim emospot mengharapkan kesediaan saudara mengisi kuesioner strategi pemulihan kesehatan mental pandemi covid zrbyznp terima kasih melahirkan,0.128438,0.03875,0.045937,0.041563,0.03375,Happiness
269,parenting webinar open for public pandemi covid banyaknya kegiatan lakukan rumah kurun pastikan munculnya stres gelisah kecemasan depresi kondisi mental marak pandemi rxnn zevg,0.194726,0.408675,0.690205,0.510642,0.309884,Fear
270,pengaruh buruk kesepian pandemi covid fisik mental audience aditya pandemi covid ujungnya terkecuali indonesia masyarakat rumah menghindari penularan virus corona ugp xkdl,1.24,0.5675,0.5175,0.5275,0.7225,Happiness
271,thread mental kesehatan pandemi kepanikan kecemasan ketakutan penduduk dunia belahan dunia terjangkit virus dikenal coronavirus covid,0.000713,0.001506,0.002556,0.001888,0.001144,Fear
272,diam baca part orang indonesia potensi gangguan jiwa gangguan kesehatan mental nyaman please cari professional helper self claimed cont dzfb,1.0275,0.31,0.3675,0.3325,0.27,Happiness
273,anak anak remaja muda luput krisis kesehatan mental dipicu pandemi covid studi penelitian menemukan tingkat depresi kecemasan kalangan remaja pgfhvbo,0.000713,0.001506,0.002556,0.001888,0.001144,Fear
274,badminton menyelamatkan mental kesehatan amp mosidik pandemi main badminton berbulan,0.064219,0.019375,0.022969,0.020781,0.016875,Happiness
275,cemas gelisah stres depresi kondisi mental kerap dirasakan pandemi memiliki kondisi mental sehat menjaga kesehatan fisik dikonsultasikan ada myvyccoidt,0.142678,0.301627,0.511889,0.377972,0.229036,Fear
276,pandemi covid kesehatan mental dijaga lho wargi salah satunya mendorong hormon bahagia jabarprovgoid humasjabar ayokeperpustakaan ayosadararsip dispusipdajabar jabarjuara jabarkita ridwankamil jabarjuara kebahagiaan senyawabahagia fdlqadojvo,0.02875,0.114375,0.1,0.115312,0.10875,Sadness
277,nyokap bilang meh muda kerja keras smp lupa kesehatan bahagia nikmatin muda kaya main jalan  lakukan nikah lega puas nikmatin orang kaya tabungan gabanyak mental sehat,0.539089,0.283177,0.285755,0.238776,0.231771,Happiness
278,pepatah mensana corporesano tubuh sehat jiwa kuat pemerintah republik indonesia abai kesehatan mental masyarakat undang undangnya jalan,0.23125,0.175,0.1575,0.16375,0.18375,Happiness
279,gelisah lumrah pandemi covid merasakannya biarkan gelisah berlarut larut kesehatan mental terjaga yuk ikuti tips unicef mengatasi gelisah kerap muncul pandemi rcocyghqhn,0.283594,0.133984,0.187734,0.153906,0.110391,Happiness
280,hai kabarmu cemas khawatir kesepian amp stres wajar dialami pandemi tahukah kesehatan mental amp kesehatan fisik amp berkaitan tqvxzaes,0.407559,0.193876,0.262296,0.220991,0.163012,Happiness
281,halo its indonesia rilis mental kesehatan movie series etiolasi episode youtube bem its kisah inspiratif orang mahasiswa bangkit melawan kesehatan mental tahan tumpuk selamat menyaksikan eksodusunjukasa vvsry,0.032109,0.009687,0.011484,0.010391,0.008438,Happiness
282,healthies selamat islam muharram perkokoh suasana pandemi covid meningkatkan iman imun menjaga kesehatan mental tubuh beraktivitas muharram cegahcovid germas nrepk,0.016055,0.004844,0.005742,0.005195,0.004219,Happiness
283,updaters pandemi covid peduli kesehatan kesehatan fisik kesehatan mental minku membagikan kutips lakukan kesehatan mentalmu terjaga kutips jmpgrqjgjj,0.51375,0.155,0.18375,0.16625,0.135,Happiness
284,jujur berharap turnamen indonesia open minions capai fisik mental tolong ditambah fokusnya menang bwc intinya semoga minions kesehatan dijauhi cidera bwc fire,0.049531,0.021406,0.025937,0.023281,0.019844,Happiness
285,kerapatan indonesia tanah air selamat anak sedunia pandemi ketidaksetaraan mempengaruhi hak anak krisis pendidikan kesehatan mental rasisme diskriminasi better future for every child maman imanulhaq harianaksedunia indonesia ltmyoav,0.008027,0.002422,0.002871,0.002598,0.002109,Happiness
286,kes meningkat for sure kena sedar covid mudah hilang takkan anak hidup paranoid terkurung fizikal amp mental manusia kot namanya norma baharu hidup covid huhu,0.49,0.13875,0.14875,0.14375,0.13625,Happiness
287,kesehatan mental pandemi diantar rentan stres mbak amma chemist selasa berbagi tips menjaga kesehatan mental hidup bahagia yuk dikepoin bvqk,0.007187,0.028594,0.025,0.028828,0.027187,Sadness
288,ketidakpastian kesepian pandemi sadar bikin stres kesehatan mental terganggu yuk simak pencegahannya wearestrong wearecapable wearesolid wearetough protecal umzbamxzkp,0.54,0.14,0.1375,0.1425,0.13,Happiness
289,orang  mudah kirim chat maki mikir kesehatan mental orang dimaki,0.245,0.069375,0.074375,0.071875,0.068125,Happiness
290,lapas pamekasan ikuti apel virtual revolusi mental inspektur jenderal tekankan keajaiban berbagi surabaya situasi pandemi menentu berpengaruh negatif aspek psikologis masyarakat asn eipdmm,2.035,0.595,0.625,0.655,0.61,Happiness
291,nice step sih mundur pandemi gini bikin persiapan boros kepotong karantina mesti berangkat cepat latihan evaluasi olim tampil amp kalah merusak mental yep let them heal,0.3325,0.875,0.6825,0.765,0.605,Anger
292,pandemi covid hanya berdampak kesehatan fisik berdampak kesehatan mental kondisi menyerang psikis lantaran banyaknya berita buruk minim interaksi sosial selengkapnya oalzz jsdc vivacoid satgascovid qrir ubwqv,0.256,0.46,0.388,0.388,0.74,Disgust
293,pandemi covid memotret sistem pendidikan mendukung kebutuhan anak anak jenjang pendidikan siswa mengalami kesehatan mental kebosanan stres belajar rumah dikbud adadikompas ypb,0.2,0.2,0.2,0.2,0.2,Neutral
294,yoga ala ala seleb posisinya unik unik langsung diajarin celebrity yogis terkenal penyogastar healing yoga salah mengobati mental kesehatan pandemi pcuqgz tcs,1.66,0.65,0.6,0.605,0.69,Happiness
295,perkuat mental pegawai inspektur jenderal tekankan keajaiban berbagi surabaya situasi pandemi menentu berpengaruh negatif aspek psikologis masyarakat asn kgcpwntuxm,1.0175,0.2975,0.3125,0.3275,0.305,Happiness
296,perkuat mental pegawai inspektur jenderal tekankan keajaiban berbagi surabaya situasi pandemi menentu berpengaruh negatif aspek psikologis masyarakat asn ysaqviuyu,0.50875,0.14875,0.15625,0.16375,0.1525,Happiness
297,perkuat mental pegawai inspektur jenderal tekankan keajaiban berbagi surabaya situasi pandemi menentu berpengaruh negatif aspek psikologis masyarakat asn memperkuat mental asn jajaran kanwil kumham jatim rvmwiibho,0.254375,0.074375,0.078125,0.081875,0.07625,Happiness
298,perkuat mental pegawai inspektur jenderal tekankan keajaiban berbagi surabaya situasi pandemi menentu berpengaruh negatif aspek psikologis masyarakat asn memperkuat mental asn jajaran kanwil kumham jatim inspektur jenderal kemenkumham ighmyd,0.127188,0.037187,0.039062,0.040938,0.038125,Happiness
299,perkuat mental pegawai inspektur jenderal tekankan keajaiban berbagi surabaya situasi pandemi menentu berpengaruh negatif aspek psikologis masyarakat asn memperkuat mental asn gnxveh via yvhpxfek,0.063594,0.018594,0.019531,0.020469,0.019062,Happiness
300,perkuat mental pegawai inspektur jenderal tekankan keajaiban berbagi surabaya situasi pandemi menentu berpengaruh negatif aspek psikologis masyarakat asn memperkuat mental asn jajaran kanwil kumham jatim cirijhg,0.031797,0.009297,0.009766,0.010234,0.009531,Happiness
301,promotor kesehatan mental jago merusak mental orang,0.16625,0.4375,0.34125,0.3825,0.3025,Anger
302,teman ajaib panggil bunga ortunya mulutnya abusive dysfunctional family barusan dcurcoli bocah kerja fulltime dbayar part time mergo pandemi mental kuat ora hoyag manajemen stres warbiyasa anak wis nyocot jak gelut kucing,0.015898,0.004648,0.004883,0.005117,0.004766,Happiness
303,angkat topi nakes indonesia negeri dibilang buruk penanganan covidnya mental nakesnya pejuang penjajahan pantang mundur singapura melawan covid mental baja jouf,0.128,0.23,0.194,0.194,0.37,Disgust
304,yatim piatu kedepannya adopsi yatim kayaknya indonesia pasangan cishet menikah minimal tahun  screening calon orangtua mental finansial pasangan suami istri berperilaku,0.2,0.2,0.2,0.2,0.2,Neutral
305,sedih orang confess mental issue nya teman teman kasih kasih itukan privasi orang sedihnya teman komen ada penyakitnya,0.008203,0.027344,0.027109,0.030547,0.015625,Sadness
306,selamat hiv aids sedunia tagline kesehatan mental sedunia isunya inequality ketidaksetaraan inequality parah akibat pandemi isunya inequality poverty kemiskinan,0.004014,0.001211,0.001436,0.001299,0.001055,Happiness
307,gbrlje cjangan lupa sarapan selamat beraktifitas lupa jugaa siapin hati jantung mental konser soree,0.002007,0.000605,0.000718,0.000649,0.000527,Happiness
308,gebres aremaoi idextratime menang kualitas diatas kertas kalah mental pasang lupa beli mentalitas ucl,0.2,0.2,0.2,0.2,0.2,Neutral
309,gegeelnino aiexaedward mazzini gsp serius doni tamatan allah istrinya kenak mental kesehatan,0.005664,0.0075,0.007695,0.007188,0.005039,Fear
310,gegetttya sehat kuat mental ngaruhnya kefisik lupa bahagia,0.003594,0.014297,0.0125,0.014414,0.013594,Sadness
311,geiszchalifah donadam nicho silalahi mental aparat rezim jeblok kakak,0.2,0.2,0.2,0.2,0.2,Neutral
312,geiszchalifah kangdede hasil revolusi mental pakai barang plat xad,0.2,0.2,0.2,0.2,0.2,Neutral
313,geiszchalifah kangdede asik nih komisaris pengusaha ribut banci alias pecundang mental udik yoz nmbji,0.695,1.485,0.705,0.695,0.725,Anger
314,geiszchalifah model mcam model jelek mental kere,0.2,0.2,0.2,0.2,0.2,Neutral
315,geiszchalifah berat kacungnya aniesbaswedan butuh mental kuat kuat tahan malu kwkwkwkkwkwkwkw rbptxkj,0.000101,0.000135,0.000135,0.000107,8.5e-05,Anger
316,geiszchalifah terhormat jelek mental penjilat mental jongos,1.66,0.65,0.6,0.605,0.69,Happiness
317,gepengneon dennysirregar wkwkwk orang kena mental hate komen maki orang ban indt,0.2,0.2,0.2,0.2,0.2,Neutral
318,gepengneon dennysirregar wkwkwkwkwkww keliatanlah kena mental wkwkwkw komen dianya kom zjvjkvqfnt,0.2,0.2,0.2,0.2,0.2,Neutral
319,gesmirch mental kesehatan aneh,0.2,0.2,0.2,0.2,0.2,Neutral
320,getyou fistek susah buset guruku kasih utbk tes masuk perguruan biar mental kuat anyinggg,2.6e-05,2.1e-05,2.1e-05,2.5e-05,2.7e-05,Disgust
321,gfofmashiho mental gatotkaca xaa xbb,0.2,0.2,0.2,0.2,0.2,Neutral
322,ggukitaes aaaaaa siapin mental mikrokosmos abis,0.2,0.2,0.2,0.2,0.2,Neutral
323,ghazianganteng membual tabok mental vavxpc ilf,0.2,0.2,0.2,0.2,0.2,Neutral
324,ghealdy kenak mental,0.2,0.2,0.2,0.2,0.2,Neutral
325,giedaegu cjangan lupa sarapan selamat beraktifitas lupa jugaa siapin hati jantung mental konser soree,0.001003,0.000303,0.000359,0.000325,0.000264,Happiness
326,giffy tnrags mental padharungala,0.2,0.2,0.2,0.2,0.2,Neutral
327,giggleaj alhamdulillah kesehatan mental suda stabil wkwk gimanaa,0.2,0.2,0.2,0.2,0.2,Neutral
328,gigihpangestuu jungw dhitodot pygmalionheart mental anak twitter gini,0.2,0.2,0.2,0.2,0.2,Neutral
329,gigiodonna reset mental tqt,0.2,0.2,0.2,0.2,0.2,Neutral
330,gind kanai mental anak garundang ditanyo admin gojek,0.2,0.2,0.2,0.2,0.2,Neutral
331,giniamatsii bingung mental gimana orang nawarin pelukan bak bga,0.114,0.241,0.409,0.302,0.183,Fear
332,giring ganesha disuruh kerja melayani masyarakat banding mental pejabat publik,0.2,0.2,0.2,0.2,0.2,Neutral
333,girlchuva santai mental terbantai,0.2,0.2,0.2,0.2,0.2,Neutral
334,girlgrouparea biar kerja korsel mental indonya ada wkwk cuan cuan cuan pokoknya lar lbspyx,0.2,0.2,0.2,0.2,0.2,Neutral
335,girlykendallroy mental flashbang,0.2,0.2,0.2,0.2,0.2,Neutral
336,gladiuskoo ihh wanti takut dibilamg gyu dewan onguji smpw siapin mental xad xad,0.0,0.0,0.0,0.0,0.0,
337,glameiroushye kasihan anak modelan yusuf tinggal indo kena mental xad bocil rjjd,3.2e-05,0.000107,0.000106,0.000119,6.1e-05,Sadness
338,gldysaa dikatain sakit mental ngurusin mie ayam,0.2,0.2,0.2,0.2,0.2,Neutral
339,glitaekoo terpantau hanya blonde siapin mental duku,0.2,0.2,0.2,0.2,0.2,Neutral
340,gliteringnature pona poguthu enna periya tasku ela varamum nala pana mudiuma taskum adanum mental stres ahu xiji,0.2,0.2,0.2,0.2,0.2,Neutral
341,glockhilaf ngemeng ujungnya revolusi keterbelakangan mental,0.2,0.2,0.2,0.2,0.2,Neutral
342,glorryndiora writeas nya kena mental orang ngapain ngakses link bersamaan astajim tobat anak xbb,0.2,0.2,0.2,0.2,0.2,Neutral
343,glosssyya cjangan lupa sarapan selamat beraktifitas lupa jugaa siapin hati jantung mental konser soree,0.000502,0.000151,0.000179,0.000162,0.000132,Happiness
344,goddesofgemoy gojowifuu bal orang giliran dibales kena mental berasa caxcl qrum,0.2,0.2,0.2,0.2,0.2,Neutral
345,goddesofgemoy revolusi mental mentalnya kuat,0.2,0.2,0.2,0.2,0.2,Neutral
346,gojekmilitan hakim nya mental koruptor abis pikir dikasih makan orang tuanya tmebh krk,0.2,0.2,0.2,0.2,0.2,Neutral
347,goldenpetal cari ribut secreto freak sih orang orang mental tempe,0.3475,0.7425,0.3525,0.3475,0.3625,Anger
348,gomsung melatih mental,0.2,0.2,0.2,0.2,0.2,Neutral
349,gooddaysasett wkwkaoaka mental liga lokal,0.2,0.2,0.2,0.2,0.2,Neutral
350,goodvibes coachjustinl kena mental abis donnarumma blunder,0.2,0.2,0.2,0.2,0.2,Neutral
351,googiecoffee cjangan lupa sarapan selamat beraktifitas lupa jugaa siapin hati jantung mental konser soree,0.000251,7.6e-05,9e-05,8.1e-05,6.6e-05,Happiness
352,gookieu cjangan lupa sarapan selamat beraktifitas lupa jugaa siapin hati jantung mental konser soree,0.000125,3.8e-05,4.5e-05,4.1e-05,3.3e-05,Happiness
353,goonjol ikijenglala buak baperan mental coro,0.2,0.2,0.2,0.2,0.2,Neutral
354,gostaff mental ubang mental,0.2,0.2,0.2,0.2,0.2,Neutral
355,gov mental hos santhosh fan irupanga pthxwb,0.2,0.2,0.2,0.2,0.2,Neutral
356,gracecholidia mental,0.2,0.2,0.2,0.2,0.2,Neutral
357,grapmoniee ganti circle dew kesehatan mental,0.2,0.2,0.2,0.2,0.2,Neutral
358,grapmoniee kena mental dibanding emak xad,0.2,0.2,0.2,0.2,0.2,Neutral
359,grapmoniee stres kena mental xad,0.2,0.2,0.2,0.2,0.2,Neutral
360,gratefuloflife iya mental kjiwaan orang beda santai bodo ada kuat sabar mudah mbbvbyt,0.061514,0.017412,0.018661,0.018038,0.017095,Happiness
361,gregorius ngaca menang giveaway bawa pasukan mental jelek tata krama noraknya bergenetik katro,0.2,0.2,0.2,0.2,0.2,Neutral
362,gregorius ktp perempuan sakit mental ngaku doxxing suami mwmhpol,0.023281,0.031406,0.021875,0.028594,0.037344,Disgust
363,gresaids block kesehatan mental utama sehat kak,0.2,0.2,0.2,0.2,0.2,Neutral
364,gresaids membicarakan mental kesehatan tukang bully manusia luput ojzs,0.2,0.2,0.2,0.2,0.2,Neutral
365,gxgshare soalny trauma amp sakit mental dirawat kapasitas brtaha iuzkid ste,0.001113,0.002354,0.003994,0.002949,0.001787,Fear
366,gyu yeh kasihan mental tempe coba suruh anggota pemuda pancasila,1.6e-05,5.3e-05,5.3e-05,6e-05,3.1e-05,Sadness
367,haechanbongil mental,0.2,0.2,0.2,0.2,0.2,Neutral
368,hamadryaz merusak mental melatih kesabaran,0.041694,0.109409,0.085346,0.09566,0.075657,Anger
369,hamidah nadya presiden terbaik indonesia berwibawa mental legowo dipaksa lengser dulupresidenkitakeren,0.051,0.01675,0.0225,0.016375,0.019,Happiness
370,hamsagbrn gedor bentar siapin mental,0.2,0.2,0.2,0.2,0.2,Neutral
371,hamyun wkwkwk ajaaa tuh ngelesnya ketauan mental yupi,0.2,0.2,0.2,0.2,0.2,Neutral
372,hana chan netw khoirulhamza mafiawasit pegawai distempel mental babu memilih kere salah kaya susah,1.3e-05,1.1e-05,1.1e-05,1.2e-05,1.4e-05,Disgust
373,hanamaraa moonareas kasi meme takut kena mental fsgkfvbo,0.0,0.0,0.0,0.0,0.0,
374,hanamitg kena mental berkali diobati berkali wua gkeqcb,0.2,0.2,0.2,0.2,0.2,Neutral
375,hanandatok pelatih miskin taktik mental ucl beda karo liga petani wkwkwk,0.2,0.2,0.2,0.2,0.2,Neutral
376,hanbineunoia kalooo mental siaapp,0.2,0.2,0.2,0.2,0.2,Neutral
377,handhikaa lemas mental wkwk,0.2,0.2,0.2,0.2,0.2,Neutral
378,handikarsya pasang mental pasang mental persebaya klub liga main ucl pfft,0.2,0.2,0.2,0.2,0.2,Neutral
379,harfrat wkwkwkwk langsung kena mental,0.2,0.2,0.2,0.2,0.2,Neutral
380,harutodkv kena mental,0.2,0.2,0.2,0.2,0.2,Neutral
381,hasanahahaha huru hara komun gppa mental aman wkwkw dihantui statse gadar hmm,5e-06,2e-06,2e-06,2e-06,1e-06,Happiness
382,hasangazali kasihan muda mental bayaran,8e-06,2.7e-05,2.6e-05,3e-05,1.5e-05,Sadness
383,hatakosuke makasih langsung kena mental xad,0.2,0.2,0.2,0.2,0.2,Neutral
384,hatersrajini thebeastvijay navijay imzmw neya periya mental punda thannda mentalonn,0.2,0.2,0.2,0.2,0.2,Neutral
385,havialifa fandom siapkan mental fans tim medioker,0.2,0.2,0.2,0.2,0.2,Neutral
386,hayallangue hidup isinya haha hihi kena mental wkwkwk,0.2,0.2,0.2,0.2,0.2,Neutral
387,hayhaybuyursunn benim mental ortalama njmifzc,0.2,0.2,0.2,0.2,0.2,Neutral
388,hayoueg kak hayoung sensitive content takut bikin mental kakak unstabble,0.0,0.0,0.0,0.0,0.0,
389,hazukikaze main tkt kena mental,0.2,0.2,0.2,0.2,0.2,Neutral
390,hazyaether subbasepmf fun musuhnya mental senang liat musuh pental xad xad,0.061406,0.019062,0.018281,0.018594,0.0175,Happiness
391,heesueeng ada mamat oppa tuh burung kena mental duluan ownernya yeee ditanyaa xad,0.2,0.2,0.2,0.2,0.2,Neutral
392,heheboyyyyy idextratime merasakan kakak pegangan mental,0.2,0.2,0.2,0.2,0.2,Neutral
393,heheboyyyyy oktafianlfc idextratime aman mental bos merasakan,3e-06,1e-06,1e-06,1e-06,1e-06,Happiness
394,heheboyyyyy oktafianlfc idextratime merasakan kelam bro mental aman wkwk,1e-06,0.0,0.0,0.0,0.0,Happiness
395,henyper kumiatiw babydolphintm apalag ngamoknya netijen bebal marah kuat mental mah kjcu ymyk,0.16625,0.4375,0.34125,0.3825,0.3025,Anger
396,heraloebss hasil revolusi mental raja kodok bangkong blegug,0.2,0.2,0.2,0.2,0.2,Neutral
397,herdikajohan aremani sing kenek mental awakmu mbel jelek asuroboyo anake lonte dolly produk kondo dxcwww,0.2,0.2,0.2,0.2,0.2,Neutral
398,herly sahada coachjustinl fase gugur mengandalkan mental dibanding skill,0.2,0.2,0.2,0.2,0.2,Neutral
399,hermanalimin mental,0.2,0.2,0.2,0.2,0.2,Neutral
400,hermans cepoe eka cau terkadang tuduhan lakukan akn merusak mental kudapa dzjgadvq,0.041563,0.109375,0.085312,0.095625,0.075625,Anger
401,hermawan elank nthaaannnn coachjustinl mental champions league nga bohong,0.2,0.2,0.2,0.2,0.2,Neutral
402,hermawan elank coachjustinl when dikatain miskin taktik mental bagus still win the game,0.2,0.2,0.2,0.2,0.2,Neutral
403,herwandkputra lawan nya kelas mentality ucl inter benahi mental bermain kurangi ink kpavj bxo,0.2,0.2,0.2,0.2,0.2,Neutral
404,heukkar persiapkan mental storage kar hahahaha,0.2,0.2,0.2,0.2,0.2,Neutral
405,hhendraaremania aremafcofficial mental tempe manja,0.2,0.2,0.2,0.2,0.2,Neutral
406,hhoperighthere persiapkan mental takut plss xad xad,0.0,0.0,0.0,0.0,0.0,
407,hisyammochtar efek revolusi mental rezim ebong bisanya hanya bikin rakyat susah mental penjajah bangsa dzholim,1e-05,8e-06,9e-06,1e-05,1.1e-05,Disgust
408,hitakata sumpah berdoa semoga mental kuat xba xba,0.2,0.2,0.2,0.2,0.2,Neutral
409,hitemantemanku kuat merusak mental,0.020781,0.054688,0.042656,0.047813,0.037812,Anger
410,hjngchsk ramah kaum mental yupi,0.2,0.2,0.2,0.2,0.2,Neutral
411,hlowbitchj mental nebak saja ,0.2,0.2,0.2,0.2,0.2,Neutral
412,hnaecan kesal rep sender kena mental kaya mental bully adik umur segitu ojc lmhb,0.2,0.2,0.2,0.2,0.2,Neutral
413,hnamyzonee liwat mental gymnastics kun dkhlti rask kima khas ykon maknach anwslo lhad lmwasl aslan dvkn xof,0.2,0.2,0.2,0.2,0.2,Neutral
414,hnurwahid mohmahfudmd jokowi partai berisik islam anut merusak mental bangsa,0.178945,0.384922,0.186914,0.185703,0.190703,Anger
415,howoozistt mental breakdown ada senang video nya,0.030703,0.009531,0.009141,0.009297,0.00875,Happiness
416,hujandisenja kaya kursus kepribadian loh duh pulang susah membangun mental kay hmeepbshit,5e-06,4e-06,4e-06,5e-06,5e-06,Happiness
417,hujandisenja owner kena mental tuh diginiin disuruh kursus kepribadian wkwk gkww,0.2,0.2,0.2,0.2,0.2,Neutral
418,humming moonz cjangan lupa sarapan selamat beraktifitas lupa jugaa siapin hati jantung mental konser soree,6.3e-05,1.9e-05,2.2e-05,2e-05,1.6e-05,Happiness
419,humormasyarakat bahagia rugi duit mental perkara rjrrzgyrru,0.001797,0.007148,0.00625,0.007207,0.006797,Sadness
420,hwaitanirou loh sakit mental,0.2,0.2,0.2,0.2,0.2,Neutral
421,hwamarseu dwiputii semester memperbaiki mental,0.0255,0.008375,0.01125,0.008188,0.0095,Happiness
422,hwamarseu othersideszc semester merusak mental,0.005195,0.013672,0.010664,0.011953,0.009453,Anger
423,hwanglonjwiin twit china line astagfirullah kenak mental,0.2,0.2,0.2,0.2,0.2,Neutral
424,hwangmetii nangiss meti nge tag kuatin mental,0.2,0.2,0.2,0.2,0.2,Neutral
425,hwankith yhuyun peduli mental kesehatan,0.2,0.2,0.2,0.2,0.2,Neutral
426,hwanraacoty cjangan lupa sarapan selamat beraktifitas lupa jugaa siapin hati jantung mental konser soree,3.1e-05,9e-06,1.1e-05,1e-05,8e-06,Happiness
427,hwanraacoty mental sih xad xad xad xad,0.2,0.2,0.2,0.2,0.2,Neutral
428,hwatteokiseuu mental gmnhh,0.2,0.2,0.2,0.2,0.2,Neutral
429,hybayiiiii worksfess mental kakak teruji whaha tips kuat mental,0.2,0.2,0.2,0.2,0.2,Neutral
430,hydrogenblog wordfangs irv irvankarta bangsat sekolah bahas mental kesehatan xlnlqije,0.2,0.2,0.2,0.2,0.2,Neutral
431,hyemhyemuw butuhkan libur nyiapin mental alias mental kena brou,0.2,0.2,0.2,0.2,0.2,Neutral
432,hyeoksshi vngsyutttt ngedrop grup sapaaakk woyyy mental xad xad,0.2,0.2,0.2,0.2,0.2,Neutral
433,hyerenn mental baja,0.2,0.2,0.2,0.2,0.2,Neutral
434,hykepobgtu mental murid kuat xbb,0.2,0.2,0.2,0.2,0.2,Neutral
435,hymarkleeu siapkan mental xad,0.2,0.2,0.2,0.2,0.2,Neutral
436,hyoismygf overall mental berbicara,0.2,0.2,0.2,0.2,0.2,Neutral
437,ibrahimpln mental psikiater dengerin lagu wkwkwkwk,0.2,0.2,0.2,0.2,0.2,Neutral
438,icatzhoon catzyjw takas mental,0.2,0.2,0.2,0.2,0.2,Neutral
439,iceecreamfeast basukiarr ruangtaktik iya manatau manatau wkwk top berani pres anfield mental sdhb abjis,0.2,0.2,0.2,0.2,0.2,Neutral
440,icetehmaniss puingbumi sdenta ibunya kudu mental ngadepin bayinya siapkan mental menghadapi suam ziqgguporp,0.2,0.2,0.2,0.2,0.2,Neutral
441,icrgf rumah belajar orang sabar latihan mental wkwkwk penakooot,0.000132,3.4e-05,3.4e-05,3.5e-05,3.2e-05,Happiness
442,ide nesia budi budaya pencapaian lewati tempaan berat tercapai mental sprti kerupuk,5e-05,6.8e-05,6.7e-05,5.3e-05,4.3e-05,Anger
443,idextratime marca deh mental pemilik pasang nya naseer ribut staf real madrid lol,0.17375,0.37125,0.17625,0.17375,0.18125,Anger
444,idextratime kiper terbaik ada mental ahahahhaa,0.01275,0.004188,0.005625,0.004094,0.00475,Happiness
445,idextratime mental strategi nya kaga bagu pochettino,0.2,0.2,0.2,0.2,0.2,Neutral
446,idextratime kayaknya kena mental mbape hattrick wkwk benzema,0.2,0.2,0.2,0.2,0.2,Neutral
447,idextratime ngaruh dilatih klopp mental pemainnya kek bakwan wkwk,0.2,0.2,0.2,0.2,0.2,Neutral
448,idextratime sih mental pemainnya bingung tujuan pasang beli ramos pel xrk hur,0.057,0.1205,0.2045,0.151,0.0915,Fear
449,idextratime pasang pelatih pemain nya ada mental champions taun ada perubahan,0.2,0.2,0.2,0.2,0.2,Neutral
450,idextratime mbappe juara ucl real madrid tim mental juara dna ucl,0.2,0.2,0.2,0.2,0.2,Neutral
451,idextratime mending sejarah kuatin mental keteken,0.2,0.2,0.2,0.2,0.2,Neutral
452,idextratime navas mental juara ucl gacor refleks nya,0.2,0.2,0.2,0.2,0.2,Neutral
453,idextratime mental ucl,0.2,0.2,0.2,0.2,0.2,Neutral
454,idextratime mental ucl bohong,0.2,0.2,0.2,0.2,0.2,Neutral
455,idextratime mental berbicara asli,0.2,0.2,0.2,0.2,0.2,Neutral
456,idextratime mental comeback nih bosssssss tercomeback,0.2,0.2,0.2,0.2,0.2,Neutral
457,idextratime mental juara susah boss,3e-06,2e-06,2e-06,2e-06,3e-06,Happiness
458,idextratime mustahil mental,0.2,0.2,0.2,0.2,0.2,Neutral
459,idextratime nasser kontol benerin tuh mental pemain,0.2,0.2,0.2,0.2,0.2,Neutral
460,idextratime nyetak gol penyeimbang gayanya sepele beda mental,0.54,1.945,1.905,1.925,1.955,Disgust
461,idextratime kalah penalti final ucl kedepannya susah bangkit mental qjh crv,1e-06,1e-06,1e-06,1e-06,1e-06,Happiness
462,idextratime sepakat mental sih,0.2,0.2,0.2,0.2,0.2,Neutral
463,idextratime squad mewah mental kerupuk jangek awowkwowkwo,0.2,0.2,0.2,0.2,0.2,Neutral
464,idextratime susah kakak mental ucl mah mainya,1e-06,1e-06,1e-06,1e-06,1e-06,Happiness
465,idextratime wkwkw mental liga petani sok ngelawan ucl sepele maszehh,0.27,0.9725,0.9525,0.9625,0.9775,Disgust
466,idextratime wkwkwk kena mental nasser,0.2,0.2,0.2,0.2,0.2,Neutral
467,idextratime wkwkwk sebelah dibilang pelatih everton mentalnya mental juara,0.2,0.2,0.2,0.2,0.2,Neutral
468,idextratime wkwkwkwk madrid mental champions sob jan senang pasang ngegolin,0.015352,0.004766,0.00457,0.004648,0.004375,Happiness
469,ifaaatf hidup keras lembek mental park chanyeol xbb,0.006445,0.008672,0.008633,0.006836,0.005469,Anger
470,ikirizsky realmadrid aseli akhi mah tinggal mental,0.2,0.2,0.2,0.2,0.2,Neutral
471,ilyrsd mental aman,1e-06,0.0,0.0,0.0,0.0,Happiness
472,ilyyawzzn diuji mental kating xbb,0.2,0.2,0.2,0.2,0.2,Neutral
473,hengni hahaha mental aries ambi koreonya yah relate,0.2,0.2,0.2,0.2,0.2,Neutral
474,indomiekuah mengganggu mental,0.083125,0.21875,0.170625,0.19125,0.15125,Anger
475,imajinahssi capai mental misuh,0.2,0.2,0.2,0.2,0.2,Neutral
476,imdinus mata kuliah mah maret hanya mata kuliah kesehatan mental mingdep cqqpwymq,0.2,0.2,0.2,0.2,0.2,Neutral
477,imkyulii dih najis mental,0.64,1.15,0.97,0.97,1.85,Disgust
478,immagoodgirllll siapin mental,0.2,0.2,0.2,0.2,0.2,Neutral
479,imposingkeymas infotwitwor pernikahan dibawah umur mental cerai vqkcchhn,0.2,0.2,0.2,0.2,0.2,Neutral
480,imyourgiaa huhuhu mengumpulkan mental,0.2,0.2,0.2,0.2,0.2,Neutral
481,imyours iyaa semangat jaga kesehatan mental kamuu happy,0.2,0.2,0.2,0.2,0.2,Neutral
482,inaivatco urwande retno wiranti siapkan mental okta endingnya membagongkan,0.2,0.2,0.2,0.2,0.2,Neutral
483,inana iya hayoung kuat deh serius nonjok kitae ditempat nangis kena mental gila,0.002832,0.00375,0.003848,0.003594,0.00252,Fear
484,indomyfess nyiapin mental takut sesak nafas liat bujang rambut gondrong nya,0.0,0.0,0.0,0.0,0.0,
485,indomyfess nyiapin mental sender kek nya mental yupi seeehhhh xad,0.2,0.2,0.2,0.2,0.2,Neutral
486,indomyfess nyiapin mental paaling,0.2,0.2,0.2,0.2,0.2,Neutral
487,indomyfess nyiapin mental biar gila parah sih xad,0.2,0.2,0.2,0.2,0.2,Neutral
488,indomyfess nyiapin mental teriak xad xad takut kena marah orangtua xad xad xbb xbb xbb plisss senang nonton konser xad xad,0.030267,0.073711,0.057637,0.064525,0.051146,Anger
489,indomyfess nyiapin mental liat encim sabarrr sabarrr,0.2,0.2,0.2,0.2,0.2,Neutral
490,indomyfess nyiapin mental jantung biar mleyot xad xad,0.2,0.2,0.2,0.2,0.2,Neutral
491,indomyfess nyiapin mental jantung,0.2,0.2,0.2,0.2,0.2,Neutral
492,indomyfess nyiapin mental jiwa raga xad,0.2,0.2,0.2,0.2,0.2,Neutral
493,indomyfess nyiapin mental liat jas merah rambut kunciran xad,0.2,0.2,0.2,0.2,0.2,Neutral
494,indomyfess nyiapin mental liat story teman titik titik nonton konser bangtan,0.2,0.2,0.2,0.2,0.2,Neutral
495,indomyfess nyiapin mental min takutnya syokkk liat abs suami xad,0.0,0.0,0.0,0.0,0.0,
496,indomyfess nyiapin mental myy,0.2,0.2,0.2,0.2,0.2,Neutral
497,indomyfess nyiapin mental sender wlkwksjahag sabar xad xad xad xad xad xad,6.6e-05,1.7e-05,1.7e-05,1.7e-05,1.6e-05,Happiness
498,iniixc cepuin nya keributan sayang tontonan gratis dilewatkan arak kena mental manusia magadir,0.086875,0.185625,0.088125,0.086875,0.090625,Anger
499,iniixc iyaa mental guncang liat ketikan,0.2,0.2,0.2,0.2,0.2,Neutral
500,iniixc kaga balas mental sampah,0.2,0.2,0.2,0.2,0.2,Neutral
501,iniixc kaya kemarin siapin mental,0.2,0.2,0.2,0.2,0.2,Neutral
502,iniixc mental baja nih,0.2,0.2,0.2,0.2,0.2,Neutral
503,iniixc mental mental yupi kak,0.2,0.2,0.2,0.2,0.2,Neutral
504,iniixc mental sih deketin sksd terbukti ampuh,0.2,0.2,0.2,0.2,0.2,Neutral
505,iniixc kena mental,0.2,0.2,0.2,0.2,0.2,Neutral
506,iniixc mental baja,0.2,0.2,0.2,0.2,0.2,Neutral
507,inilabamanusia andalan nongol mental stabil nampaknya,0.2,0.2,0.2,0.2,0.2,Neutral
508,injangie kuatinn mental,0.2,0.2,0.2,0.2,0.2,Neutral
509,insandhaif kangdede erickthohir buang duit negara gaji orang komisaris mental preman,0.2,0.2,0.2,0.2,0.2,Neutral
510,instruvmen gistfara latihan siapin mental kayaknya budak cinta,0.2,0.2,0.2,0.2,0.2,Neutral
511,intakfess members intak foto pose nya gini kak tenang persiapkan mental,0.54,0.14,0.1375,0.1425,0.13,Happiness
512,intanazreni cederaa mental wehhh,0.2,0.2,0.2,0.2,0.2,Neutral
513,inter extra menang modal mental serie,0.2,0.2,0.2,0.2,0.2,Neutral
514,inter lolos sih seenggaknya nunjukkin mental bandel skuad seadaanya pasca ditinggal pemain binta lbvv vpcxk,0.64,1.15,0.97,0.97,1.85,Disgust
515,interclubindo menang anfield bekal berharga mental xaa,0.2,0.2,0.2,0.2,0.2,Neutral
516,interistalk yes kalah skor menang mental yuk fokus liga coppa,0.2,0.2,0.2,0.2,0.2,Neutral
517,interistierick idextratime iyah lolos puas permainan mental pemain pulih semenjak pfsvtfhrqp,0.795,0.3875,0.395,0.3225,0.315,Happiness
518,inveistor tanggal hanya siapin mental hahaha,0.2,0.2,0.2,0.2,0.2,Neutral
519,inyourl ove latihan mental ditinggal ayank,0.2,0.2,0.2,0.2,0.2,Neutral
520,ipb menfess dewasa usia sejalan dewasa mental,0.2,0.2,0.2,0.2,0.2,Neutral
521,iphonenyaandin mnc pictures lucunya sok iye kena mental gara gara skak mat gara gara kebdohanya,0.2,0.2,0.2,0.2,0.2,Neutral
522,iputuputras money merusak mental kesehatan kak,0.002598,0.006836,0.005332,0.005977,0.004727,Anger
523,irvinvizan fisik mental aman xad,0.0,0.0,0.0,0.0,0.0,
524,irvroom tanggal jadwalnya vel mental haha,0.2,0.2,0.2,0.2,0.2,Neutral
525,irwan panzer gosah nunggu malam tuy bikin mental ambyar,0.2,0.2,0.2,0.2,0.2,Neutral
526,irwan yah divhumas polri listyosigitp mahasiswa beragama mental keroyokan nyali ramai,0.17375,0.37125,0.17625,0.17375,0.18125,Anger
527,irwan yah berani ramai ramai mental kaum bangkeee,0.043437,0.092813,0.044062,0.043437,0.045312,Anger
528,iskandarishud aangangguan tretanmuslim emosinya flat energi negatifnya gampang mental,0.49,0.13875,0.14875,0.14375,0.13625,Happiness
529,ispeispewayae maksudnya nguras mental tuh urus penipuannya kakak capai urus penipuan iya sih pasit lewu,0.2,0.2,0.2,0.2,0.2,Neutral
530,its littlefingy aseultime jmetz jawa mental,0.2,0.2,0.2,0.2,0.2,Neutral
531,its yhoons deact huhu ups ups wkwk mental digituin loyo deact,0.2,0.2,0.2,0.2,0.2,Neutral
532,itsadjoks pensi moba pakk kuat mental wkwk,0.2,0.2,0.2,0.2,0.2,Neutral
533,itsaranyatara mental sih hehe,0.2,0.2,0.2,0.2,0.2,Neutral
534,itsjjknunaa siapkan mental xab yrybfmvkmo,0.2,0.2,0.2,0.2,0.2,Neutral
535,itsjjknunaa kesehatan mental xad xad xad,0.2,0.2,0.2,0.2,0.2,Neutral
536,itsmenainaii wkwkwkw benefit ngekost sih kak mental aman wkwk,0.0,0.0,0.0,0.0,0.0,
537,itsmereenzzz badmintontalk gilaa shuttlecocknya mental bett wkwk,0.2,0.2,0.2,0.2,0.2,Neutral
538,itsmexeline mlbbfess kenal mental har,0.2,0.2,0.2,0.2,0.2,Neutral
539,itsmexeline rhess yesterdaywasbad decxtro kena mental sih wkwk,0.2,0.2,0.2,0.2,0.2,Neutral
540,itsmexeline kena mental bro,0.2,0.2,0.2,0.2,0.2,Neutral
541,itsnotchaa persiapkan gimana njir tugasnya xadoh maksudnya mental sksk,0.2,0.2,0.2,0.2,0.2,Neutral
542,itsurbabey mental aman kak,0.0,0.0,0.0,0.0,0.0,
543,itsyourbyyy mental sehat dibandingnkan materi,0.2,0.2,0.2,0.2,0.2,Neutral
544,itsyourgrane hapus bikin mental breakdown,0.2,0.2,0.2,0.2,0.2,Neutral
545,itxnotme susah cari  malang diterawang kartu mental xad kena mental duluan,0.0,0.0,0.0,0.0,0.0,
546,izaenn kena mental sih bikin orang sunda kesal non sunda kebingungan yjrvn ivql,0.0285,0.06025,0.10225,0.0755,0.04575,Fear
547,jacji pls omongan merubah mental bicara orang tuh dijaga,0.2,0.2,0.2,0.2,0.2,Neutral
548,jackthelover coachjustinl akuilahh madrid mental kill the game bilang gol jatuh langit,0.2,0.2,0.2,0.2,0.2,Neutral
549,jackthelover coachjustinl awas diblok akuin anceloti mental juara gamaen handle kakak umnisjp,0.2,0.2,0.2,0.2,0.2,Neutral
550,jaeeeforlyfe cakap siapkan mental ngestan brondong may xaa xaa xaa,0.2,0.2,0.2,0.2,0.2,Neutral
551,jaehyovr kenyamanan mental mending dicopot,0.51375,0.155,0.18375,0.16625,0.135,Happiness
552,jaehyunzlp sangattt mengguncang mental xad,0.2,0.2,0.2,0.2,0.2,Neutral
553,jaehyvnsm takut orngnya kena mental wkwk xad xad xbb xbb,0.0,0.0,0.0,0.0,0.0,
554,jaeindayo mocchiatonim muthiastp kena mental,0.2,0.2,0.2,0.2,0.2,Neutral
555,jaelarions jessjesselyn arktamafelix sukiideseu samblematah tanyakanrl gausa anak main mental xba xef,0.2,0.2,0.2,0.2,0.2,Neutral
556,jaeminacity nctzenbase siapin mental kak fann xaa xaa xaa,0.2,0.2,0.2,0.2,0.2,Neutral
557,jaeminiewispoo semoga beruntung yaaa kali beli kartu kesehatan mental,0.2,0.2,0.2,0.2,0.2,Neutral
558,jaeminophilexx siapkan mental saja  hati gonjang ganjing gakaruan,0.2,0.2,0.2,0.2,0.2,Neutral
559,jaemspiffy gapeduli kesehatan mental member sistem liat sistemnya seru ysfnaaomwa,0.2,0.2,0.2,0.2,0.2,Neutral
560,jaendrababyboy cere jae mental jae lawan nada anak jug rhwbuqu,0.2,0.2,0.2,0.2,0.2,Neutral
561,jaenuaryss sakit komis payment hidup via mental kesehatan,0.2,0.2,0.2,0.2,0.2,Neutral
562,jaeyunistars iye weh xad xad hope masuk mrsm jaga mental diaorang elok elok kawan susah vksys nnh,0.0,0.0,0.0,0.0,0.0,
563,jafirst fess mental yupi xad,0.2,0.2,0.2,0.2,0.2,Neutral
564,jaga nusantara vicjerz rrwt hehe war siapkan mental pakai kasar tdpceaabew,0.32,0.575,0.485,0.485,0.925,Disgust
565,jagerbabyyy ketik jempol sakit mental sistur,0.2,0.2,0.2,0.2,0.2,Neutral
566,jaiakas san lifetime solren arakora kodhi epovum enda mental kodhi madri pesikitu iruka,0.2,0.2,0.2,0.2,0.2,Neutral
567,jakagot wang mental xad,0.2,0.2,0.2,0.2,0.2,Neutral
568,jake egk kuat mental mod sahabatt xad,0.2,0.2,0.2,0.2,0.2,Neutral
569,jakeeput wkwk mental unstan,0.2,0.2,0.2,0.2,0.2,Neutral
570,jakunfiraun ciumbrella mafiawasit wkwk kasih video pandji harga teman biar kena mental,0.2,0.2,0.2,0.2,0.2,Neutral
571,jalbr ngatain kena mental,0.2,0.2,0.2,0.2,0.2,Neutral
572,jamal efendy nicho silalahi kangdede erickthohir kemenbumn mental remuk,0.2,0.2,0.2,0.2,0.2,Neutral
573,jamal rizal mental healthnya montang manting maszehh,0.2,0.2,0.2,0.2,0.2,Neutral
574,jametcijantung bilang sibuk genshin mental utbk pindah akun ywxi rvhgp,0.2,0.2,0.2,0.2,0.2,Neutral
575,jangmi kakdee nothing proud mental kesehatan teruk hmm,0.2,0.2,0.2,0.2,0.2,Neutral
576,janmaotalai krmtroysuryo uji mahasiswa lulus depannya ngulang mental jhudrqcxte,0.2,0.2,0.2,0.2,0.2,Neutral
577,jaribanteta dibahasanya via jalur halu mental,0.2,0.2,0.2,0.2,0.2,Neutral
578,jarrrsss tar siapin mental ashernya berulah,0.2,0.2,0.2,0.2,0.2,Neutral
579,jarwokuat nama beliau kwat nya mental sii hehe,0.2,0.2,0.2,0.2,0.2,Neutral
580,jasjusssirsak nyiapin mental hati kim word daeil,0.2,0.2,0.2,0.2,0.2,Neutral
581,jauharsyh sbyfess mental komunikasi lancar terbuka percaya xbb,0.255,0.08375,0.1125,0.081875,0.095,Happiness
582,jauharsyh mental healthnya bagus yee xad,0.2,0.2,0.2,0.2,0.2,Neutral
583,jauharsyh tipss memperkuat mental healthh,0.2,0.2,0.2,0.2,0.2,Neutral
584,javamoccacino betapa hebat tugas menghancurkan mental maksudnya,0.665,1.75,1.365,1.53,1.21,Anger
585,javasea hrdbacot intern kena mental,0.2,0.2,0.2,0.2,0.2,Neutral
586,jawijowo mengerikan akibat penjajahan pikiran perasaan mental ideologi anak bangsa indonesia saa hldg okdtw,0.2,0.2,0.2,0.2,0.2,Neutral
587,jaygfhere bicara menata mental kesehatan,0.2,0.2,0.2,0.2,0.2,Neutral
588,jayjayajaya temu orang gini mah auto blok set boundaries ngejaga mental kesehatan,0.2,0.2,0.2,0.2,0.2,Neutral
589,jbuniman mental netizen xad,0.2,0.2,0.2,0.2,0.2,Neutral
590,jcenno mental,0.2,0.2,0.2,0.2,0.2,Neutral
591,jchangmint yuonghunt selfolconvo hyunjaetbs kenalan tuh mental,0.2,0.2,0.2,0.2,0.2,Neutral
592,jcvoleyn positif thinking mental ngatain pakai akun xba xbb,0.2,0.2,0.2,0.2,0.2,Neutral
593,jeeechangmin upset tirah melibatkan mental takan anak gelak vlohrp,0.2,0.2,0.2,0.2,0.2,Neutral
594,jeenirubyjane namanya mental pengecut gila mental maling urusannya dosa takut,0.0,0.0,0.0,0.0,0.0,
595,jeffryharyanto risshadowss teiyongg areajulid kak mental mental realistis kritis masuk qlr rplx,0.2,0.2,0.2,0.2,0.2,Neutral
596,jefrimasuksurga idextratime martynziegler mental keyboard warrior wkwk,0.2,0.2,0.2,0.2,0.2,Neutral
597,jefrinaldi bato abah syafniir caliak badan lai gadang mental mental karupuak agiah isi inyo bah syafniir,0.2,0.2,0.2,0.2,0.2,Neutral
598,jefrinaldi urang minang panakuik karano sabalum marantau mental kuaik jan digertak tukan hatov,0.2,0.2,0.2,0.2,0.2,Neutral
599,jefrinaldi mental tempe merantau malu orang minang tersenyum kecut balas pdgs,0.2,0.2,0.2,0.2,0.2,Neutral
600,jefrinaldi segitu mental ajo dirantau,0.2,0.2,0.2,0.2,0.2,Neutral
601,jei yong adik iki kena mental duluan nyenggol kakanya,0.2,0.2,0.2,0.2,0.2,Neutral
602,jejevalentines cari bikin kena mental xad xad xad xbc,0.2,0.2,0.2,0.2,0.2,Neutral
603,jejujiun nawaitu mental masi kuat mendem,0.2,0.2,0.2,0.2,0.2,Neutral
604,jek mental breakup membaca twit makan ceker enak sih taiscqxtvk,0.2,0.2,0.2,0.2,0.2,Neutral
605,jek mental kek setan merah,0.2,0.2,0.2,0.2,0.2,Neutral
606,jek mental bohong spesialis ucl,0.2,0.2,0.2,0.2,0.2,Neutral
607,jek mental madrid ada obat malam haji gacor hattrick,0.2,0.2,0.2,0.2,0.2,Neutral
608,jekaaa nya ngakandeul kandeul mental eta mah,0.2,0.2,0.2,0.2,0.2,Neutral
609,jekeeeyyyy hehe semangat capai istrahat capai mental jey break kdang jey hehe,0.2,0.2,0.2,0.2,0.2,Neutral
610,jellyforjinnie bts twt seokjin mode mode xba hoteu mental riro,0.2,0.2,0.2,0.2,0.2,Neutral
611,jembermfs apapun nichenya freelance menjanjikan atur keuangan menata pikiran mental olybhbmeud,0.2,0.2,0.2,0.2,0.2,Neutral
612,jembermfs seng gowo mental seng akeh sek,0.2,0.2,0.2,0.2,0.2,Neutral
613,jencoui bentar nyiapin mental,0.2,0.2,0.2,0.2,0.2,Neutral
614,jendxral kena mental,0.2,0.2,0.2,0.2,0.2,Neutral
615,jenoiyt wkwkkw semangat mental fisik goes,0.2,0.2,0.2,0.2,0.2,Neutral
616,jenonoadht gavin sedia mental kuat,0.2,0.2,0.2,0.2,0.2,Neutral
617,jeonavia baca bahureksa siapin mental mood takut sengaruh kehidupan real life,0.0,0.0,0.0,0.0,0.0,
618,jeonb kawtuz lahmangiya txtdrmahasiswa contohnya mental hancur pol dikata katain lcdaedujtx,0.2,0.2,0.2,0.2,0.2,Neutral
619,jeonb wckygram kawtuz lahmangiya txtdrmahasiswa berdoa mbak kuat mental nya bentuk niw khfiur,0.2,0.2,0.2,0.2,0.2,Neutral
620,jeonb wckygram kawtuz lahmangiya txtdrmahasiswa kakak mgkin sdm mental penjaj mxgl,0.2,0.2,0.2,0.2,0.2,Neutral
621,jeonb mental mental illness iya gara gara have face the reality that one the person that livin jfeabure,0.2,0.2,0.2,0.2,0.2,Neutral
622,jeonb semangat semoga dilancarkan urusan kekuatan mental lupa kal qnsujz scx,0.1275,0.041875,0.05625,0.040938,0.0475,Happiness
623,jeonbam kak mental meleyot ngalah ilalang rumah mbah loh,0.2,0.2,0.2,0.2,0.2,Neutral
624,jeonicestar cjangan lupa sarapan selamat beraktifitas lupa jugaa siapin hati jantung mental konser soree,1.6e-05,5e-06,6e-06,5e-06,4e-06,Happiness
625,jeonnsha chave nice day lupa sarapan lupa jugaa siapin hati jantung mental konser soree,0.2,0.2,0.2,0.2,0.2,Neutral
626,jeonsworlds mental,0.2,0.2,0.2,0.2,0.2,Neutral
627,jeonyyeobeen mutualan blinks jel mental ill,0.2,0.2,0.2,0.2,0.2,Neutral
628,jepitnyaaldeba hahaha puas deh kuyang kena mental,0.3975,0.19375,0.1975,0.16125,0.1575,Happiness
629,jerichorlion mental sehat,0.2,0.2,0.2,0.2,0.2,Neutral
630,jeromepolin challenge bikin mental membaik kakak jer kekuar rumah liat ijo ijo lohayo fmi,0.006375,0.002094,0.002813,0.002047,0.002375,Happiness
631,jeromepolin nyiapin mental liat tsayat baper,0.2,0.2,0.2,0.2,0.2,Neutral
632,jesahyun hahaha niat ngeselin tantenya kasihan anaknya kena mental tuh,4e-06,1.3e-05,1.3e-05,1.5e-05,8e-06,Sadness
633,jessicabe salah kaprah kebaikannya ktk faktanya sakit hati kena mental anak,0.003188,0.001047,0.001406,0.001023,0.001188,Happiness
634,jetaekoo menjatuhkan mental xad,0.3325,0.875,0.6825,0.765,0.605,Anger
635,jeykeymyl liat ditiktok baper teriak xad deh nunggu mental terombang ambing,0.2,0.2,0.2,0.2,0.2,Neutral
636,jgaluhpati replynya wkwksk kena mental,0.2,0.2,0.2,0.2,0.2,Neutral
637,jgaluhpati siapin mental malam notif,0.2,0.2,0.2,0.2,0.2,Neutral
638,jhoehart mental,0.2,0.2,0.2,0.2,0.2,Neutral
639,jiaeminq kena mental duluan xad,0.2,0.2,0.2,0.2,0.2,Neutral
640,jialljamyluvv cjangan lupa sarapan selamat beraktifitas lupa jugaa siapin hati jantung mental konser soree,8e-06,2e-06,3e-06,3e-06,2e-06,Happiness
641,jidsssky mental jid,0.2,0.2,0.2,0.2,0.2,Neutral
642,jie noona galau kelainan mental,0.2,0.2,0.2,0.2,0.2,Neutral
643,jiggukveee beyourlight sumpah mention atasnya liat bentar ngumpulin mental bismillah,0.2,0.2,0.2,0.2,0.2,Neutral
644,jimberries mental xad,0.2,0.2,0.2,0.2,0.2,Neutral
645,jiminperforms mental terguncang mas xad xad xad,0.2,0.2,0.2,0.2,0.2,Neutral
646,jimintennn mental baja,0.2,0.2,0.2,0.2,0.2,Neutral
647,jiminxxcz cjangan lupa sarapan selamat beraktifitas lupa jugaa siapin hati jantung mental konser soree,4e-06,1e-06,1e-06,1e-06,1e-06,Happiness
648,jimmieo pokoknyaa siapkan mental xad xab xad,0.2,0.2,0.2,0.2,0.2,Neutral
649,jinivies mental lemah,0.2,0.2,0.2,0.2,0.2,Neutral
650,jinkokin omnireaderfess kena mental diam,0.2,0.2,0.2,0.2,0.2,Neutral
651,jinniekecil mental uji,0.2,0.2,0.2,0.2,0.2,Neutral
652,jisoojuseyoo betooolll pakai xiao salah pakai tao salah gampang mental aarghh,0.245,0.069375,0.074375,0.071875,0.068125,Happiness
653,jisungfess asteroidszza siapkan mental,0.2,0.2,0.2,0.2,0.2,Neutral
654,jisungfess ayok sender ribut rooftop lumayan jisung siapin mental,0.043437,0.092813,0.044062,0.043437,0.045312,Anger
655,jisungfess diriku mental yupi,0.2,0.2,0.2,0.2,0.2,Neutral
656,jiwajulit augustineusz tekookers convomf anjirr mental baja,0.2,0.2,0.2,0.2,0.2,Neutral
657,jiwonosh huhuhuhu iyaaa xad mental orang beda beda hadehhhhhh dahlah kebiasaan orang tua tuh,0.2,0.2,0.2,0.2,0.2,Neutral
658,jiwooayangku sindir mental baja xef,0.2,0.2,0.2,0.2,0.2,Neutral
659,jizsungg mental xad,0.2,0.2,0.2,0.2,0.2,Neutral
660,elzx mental jel xbb xbb,0.2,0.2,0.2,0.2,0.2,Neutral
661,elzx kaget mental mars,0.2,0.2,0.2,0.2,0.2,Neutral
662,jjaejaepeach ngebanding bandingkan sena kek zeya kena mental qnzsnwct,0.2,0.2,0.2,0.2,0.2,Neutral
663,jjaejaepeach masi pagi woii ahahahahahhaah alias kuat mental qewdltk,0.2,0.2,0.2,0.2,0.2,Neutral
664,jjaejaepeach gini penjelasannya gimana gede bacot mental cupu ganteng zyytn,0.2,0.2,0.2,0.2,0.2,Neutral
665,jjjarrra kdrama menfess berdua definisi pacaran sehat sih related mental kesehatan issue,0.2,0.2,0.2,0.2,0.2,Neutral
666,jjjeyaa mental soker sender,0.2,0.2,0.2,0.2,0.2,Neutral
667,jjjeyaa mental sok keras babi,0.003223,0.004336,0.004316,0.003418,0.002734,Anger
668,jjjstvnme pls mental xad,0.2,0.2,0.2,0.2,0.2,Neutral
669,jjkluvv cjangan lupa sarapan selamat beraktifitas lupa jugaa siapin hati jantung mental konser soree,2e-06,1e-06,1e-06,1e-06,1e-06,Happiness
670,jjnbllh tiru mental lemah,0.2,0.2,0.2,0.2,0.2,Neutral
671,jjsthype kaaan ayangiiee mental kuat urusan begituaan,0.2,0.2,0.2,0.2,0.2,Neutral
672,jjuniverseroses kaya jay debut mental yupi,0.2,0.2,0.2,0.2,0.2,Neutral
673,mytimeee bismillah mental baja,0.2,0.2,0.2,0.2,0.2,Neutral
674,mytimeee haha okeyy siapinn mental guys xad,0.2,0.2,0.2,0.2,0.2,Neutral
675,jkswishes lupa siapin hati mental sei,0.2,0.2,0.2,0.2,0.2,Neutral
676,jkthyng takut aneh kuat mental yupi kek,0.0,0.0,0.0,0.0,0.0,
677,moon mental xbc xbc,0.2,0.2,0.2,0.2,0.2,Neutral
678,jmsnuna kuatkan mental debut xad,0.2,0.2,0.2,0.2,0.2,Neutral
679,jmxlie cjangan lupa sarapan selamat beraktifitas lupa jugaa siapin hati jantung mental konser soree,1e-06,0.0,0.0,0.0,0.0,Happiness
680,jnfluffie iyaa yuk siapin mental dompet xbb,0.2,0.2,0.2,0.2,0.2,Neutral
681,jnjment bye all nyiapin mental,0.2,0.2,0.2,0.2,0.2,Neutral
682,jocnist mental lemah,0.2,0.2,0.2,0.2,0.2,Neutral
683,jocnist mental terguncang,0.2,0.2,0.2,0.2,0.2,Neutral
684,jodanspace hard takut kena mental wkwkw xad,0.0,0.0,0.0,0.0,0.0,
685,jodjoestar perkara mental perkara amal wak haji xad,0.2,0.2,0.2,0.2,0.2,Neutral
686,jodohzaynmalikk langsung kena mental,0.2,0.2,0.2,0.2,0.2,Neutral
687,jogjamnfs dosbing kaya biar mental nya terbentuk dosbing killer pfnock,0.2,0.2,0.2,0.2,0.2,Neutral
688,jogjamnfs mental kuat laporin atasan ato berwenang kuat resign wngxxkxbp,0.2,0.2,0.2,0.2,0.2,Neutral
689,jogjamnfs kena mental bahahha,0.2,0.2,0.2,0.2,0.2,Neutral
690,jogjamnfs mencintai orang picik sih mental kuat mending kadang sok membandingkan,0.2,0.2,0.2,0.2,0.2,Neutral
691,jogjamnfs capai mental pikiran stres capai,0.2,0.2,0.2,0.2,0.2,Neutral
692,jogjamnfs main rapi deknen nek koe teruske ovt sih sender mental koe keno ngko,0.2,0.2,0.2,0.2,0.2,Neutral
693,jojokuat posisi depresi bgttt sii orangtua tuh jaman skg tradisi gini ginian nih bikin mental anak kenaa,0.2,0.2,0.2,0.2,0.2,Neutral
694,jojousephu kak mental kul abiezzz,0.2,0.2,0.2,0.2,0.2,Neutral
695,joko coachjustinl okee lihat depannya tim banggakan mental ucl bla bla bla,0.3975,0.19375,0.1975,0.16125,0.1575,Happiness
696,jokolipservice ansormaja nicho silalahi yaqutcqoumas duaarrr kena mental xbb xbb xbb xbb buka nora,0.2,0.2,0.2,0.2,0.2,Neutral
697,jonathansatriyo mental dengerin loathe,0.2,0.2,0.2,0.2,0.2,Neutral
698,joonhope nyiapin mental dir wkwk,0.2,0.2,0.2,0.2,0.2,Neutral
699,jordanfollows thefitezone mental mind,0.2,0.2,0.2,0.2,0.2,Neutral
700,joseph hono anakkolong listyosigitp mohmahfudmd mental korupsinya radikal ditertibkan bge ludez,2.04,0.67,0.9,0.655,0.76,Happiness
701,jowoshitpost kudu mental nek liwat kene,0.2,0.2,0.2,0.2,0.2,Neutral
702,jowoshitpost langsung kena mental xad ycviudktuj,0.2,0.2,0.2,0.2,0.2,Neutral
703,jowoshitpost mental mangap mangap mboten niku,0.2,0.2,0.2,0.2,0.2,Neutral
704,jowoshitpost mbak kuliah ngerti nggawe skripsi ngerti rekosone fisik mental,0.2,0.2,0.2,0.2,0.2,Neutral
705,jowoshitpost rusak mental,0.2,0.2,0.2,0.2,0.2,Neutral
706,jowoshitpost kondangan keno mental,0.2,0.2,0.2,0.2,0.2,Neutral
707,jowoshitpost sopire calya kena mental bar kui mesti marka lurus rawani nyalip,0.2,0.2,0.2,0.2,0.2,Neutral
708,jowoshitpost supirnya kena mental aus botol minum cantik hanya fcfrfymjka,0.2,0.2,0.2,0.2,0.2,Neutral
709,jowoshitpost uji kesabaran uji mental uji skill gocek motor,3.3e-05,9e-06,8e-06,9e-06,8e-06,Happiness
710,junayyy duit duit mental sehat waras hidup tenang kawan,0.27,0.07,0.06875,0.07125,0.065,Happiness
711,junbunny mental ayok cept update xad,0.2,0.2,0.2,0.2,0.2,Neutral
712,jungygsa mental yupi top kudu setrong xaa xbb xaa xbb,0.2,0.2,0.2,0.2,0.2,Neutral
713,junkyua siapin mental xad,0.2,0.2,0.2,0.2,0.2,Neutral
714,junkyuanaku mental baja,0.2,0.2,0.2,0.2,0.2,Neutral
715,junmyeonnnie pls wkkwkww aman itung latihan mental,0.0,0.0,0.0,0.0,0.0,
716,junmyeonnnie jan lupa mental nya udha yha xad,0.2,0.2,0.2,0.2,0.2,Neutral
717,jupitayr meeting jam meeting produktif mental haha,0.2,0.2,0.2,0.2,0.2,Neutral
718,just enjoylife tenang mah kena mental,0.135,0.035,0.034375,0.035625,0.0325,Happiness
719,justbenggg bertydamayanti langsung kena mental,0.2,0.2,0.2,0.2,0.2,Neutral
720,juudaimeh coba ngeganggu mental psikolog anw aware orang,0.2,0.2,0.2,0.2,0.2,Neutral
721,juyogf huhuhu sinii peluk barengannn gtau kmoe paksain tubuh mental hmgmlvn,0.2,0.2,0.2,0.2,0.2,Neutral
722,juyolinooo keseringan ovt yahh kesehatan mental,0.2,0.2,0.2,0.2,0.2,Neutral
723,kaaukaaa wkwkwkwk ada mental juara pasang,0.2,0.2,0.2,0.2,0.2,Neutral
724,kacczuya tenang kuat mental dilatih dokja xbb,0.0675,0.0175,0.017188,0.017812,0.01625,Happiness
725,kacungjaehyuk buset sendernya prik ajg mental secreto belagu ajg xad hwaitiingg sayang,0.2,0.2,0.2,0.2,0.2,Neutral
726,kangdede omdo ditantangin ciut mental sosmed,0.035625,0.075313,0.127812,0.094375,0.057188,Fear
727,kangdede banci alias pecundang mental udik kesempatan kepentingan wewenangn rnrswdqcvm,0.2,0.2,0.2,0.2,0.2,Neutral
728,kangdede banci penyuka bencong lemah mental syahwat,1.965,0.61,0.585,0.595,0.56,Happiness
729,kangdede efek reparasi mental adab cacat pola pikir,0.2,0.2,0.2,0.2,0.2,Neutral
730,kangdede monyet elu komisaris mental kampungan dipiara,0.2,0.2,0.2,0.2,0.2,Neutral
731,kangdede sadar tes jbatan komisaris mental segini nikmatin ujian ashb oh,0.2,0.2,0.2,0.2,0.2,Neutral
732,kangdede gara gara revolusi mental baca rebound otak komisaris bumn etikanya amburadul,0.2,0.2,0.2,0.2,0.2,Neutral
733,kangdede gini mental pejabat sia sia pajak njz,0.2,0.2,0.2,0.2,0.2,Neutral
734,kangdede hasil revolusi mental komisaris menyedihkan,0.004102,0.013672,0.013555,0.015273,0.007812,Sadness
735,kangdede mental pedagang jam komisaris jongos,0.2,0.2,0.2,0.2,0.2,Neutral
